Description,House_Type,Location,Price
5 BEDROOM HOUSE FOR RENT,5 Bedroom Semi Detached Duplex,Banana Island Ikoyi Lagos," ₦ 30,000,000/year "
4 BEDROOM HOUSE FOR RENT,4 Bedroom Terrace Duplex,Lekki Lagos," ₦ 9,500,000/year "
4 BEDROOM HOUSE FOR RENT,Serviced 4 Bedroom Terraced Duplex,Old Ikoyi Lagos," ₦ 20,000,000/year "
2 BEDROOM HOUSE FOR RENT,2 Bedroom Apartment,Ikate Lekki Lagos," ₦ 5,000,000/year "
COMMERCIAL PROPERTY FOR RENT,1 Room Office Space,"Liberty Road, Ibadan Oyo"," ₦ 400,000/year "
COMMERCIAL PROPERTY FOR RENT,Shop,"Phase 1, Lekki Lagos"," ₦ 5,500,000/year "
4 BEDROOM HOUSE FOR RENT,Luxury 4 Bedroom Semi Detached Duplex With Bq,Lekki Phase 1 Lekki Lagos," ₦ 12,000,000/year "
4 BEDROOM HOUSE FOR RENT,Luxury 4 Bedroom Penthouse,Victoria Island Lagos," ₦ 30,000,000/year "
5 BEDROOM HOUSE FOR RENT,Self Serviced 5 Bedroom Fully Detached Duplex With Bq,Lekki County Ikota Lekki Lagos," ₦ 7,000,000/year "
10 BEDROOM HOUSE FOR RENT,Brand New 10 Bedroom Mansion With 2 Room Bq,Diplomatic Zone Asokoro Abuja," ₦ 50,000,000/year "
2 BEDROOM HOUSE FOR RENT,2 Bedroom Apartment,Ajah Lagos," ₦ 2,000,000/year "
4 BEDROOM HOUSE FOR RENT,4 Bedroom Detached Duplex,"Chevron Toll Gate, Chevron Lekki Lagos"," ₦ 4,500,000/year "
5 BEDROOM HOUSE FOR RENT,5 Bedroom Semi Detached Duplex + Bq,"American International School, Durumi Abuja"," ₦ 10,000,000/year "
1 BEDROOM HOUSE FOR RENT,Studio Apartment,Ikate Lekki Lagos," ₦ 2,000,000/year "
5 BEDROOM HOUSE FOR RENT,5 Bedroom Detached Duplex,Chevron Lekki Lagos," ₦ 7,000,000/year "
3 BEDROOM HOUSE FOR RENT,Fully Furnished 3 Bedroom Apartment,"Banana Island Road, Ikoyi Lagos"," ₦ 11,000,000/year "
2 BEDROOM FLAT / APARTMENT FOR RENT,2 Bedroom Flat,Ikotun Igando Lagos," ₦ 800,000/year "
4 BEDROOM HOUSE FOR RENT,Under Renovation 4 Bedroom Semi Detached Duplex,"Naf Valley Estate, Asokoro Abuja"," ₦ 7,500,000/year "
2 BEDROOM HOUSE FOR RENT,2 Bedroom Apartment,Ilasan Ikate Lekki Lagos," ₦ 3,500,000/year "
3 BEDROOM FLAT / APARTMENT FOR RENT,Fully Serviced 3 Bedroom Apartment,Chevron Drive Lekki Lagos," ₦ 3,750,000/year "
4 BEDROOM HOUSE FOR RENT,4 Bedroom Semi Detached Duplex,Osapa London Lekki Lagos," ₦ 20,000,000/year "
5 BEDROOM HOUSE FOR RENT,Exquisite 5 Bedroom Detached Duplex,"Naf Valley Estate, Asokoro Abuja"," ₦ 30,000,000/year "
5 BEDROOM HOUSE FOR RENT,5 Bedroom Detached Duplex,Chevron Lekki Lagos," ₦ 7,000,000/year "
2 BEDROOM FLAT / APARTMENT FOR RENT,Furnished 2 Bedroom Apartment,Chevron Lekki Lagos," ₦ 5,000,000/year "
3 BEDROOM HOUSE FOR RENT,Serviced 3 Bedroom Apartment With Bq,Close To Nnpc Guzape Abuja," ₦ 4,500,000/year "
4 BEDROOM HOUSE FOR RENT,Beautiful 4 Bedroom Terraced Duplex,Osapa London Lekki Lagos," ₦ 6,000,000/year "
5 BEDROOM HOUSE FOR RENT,Brand New 5 Bedroom Mansion,Naf Valley Estate Asokoro Abuja Diplomatic Zone Asokoro Abuja," ₦ 17,000,000/year "
5 BEDROOM HOUSE FOR RENT,5 Bedroom Detached Duplex,Ikate Lekki Lagos," ₦ 13,000,000/year "
4 BEDROOM HOUSE FOR RENT,4 Bedroom Terraced Duplex,Lekki Lagos," ₦ 10,000,000/year "
2 BEDROOM HOUSE FOR RENT,2 Bedroom Apartment,Main Maitama Abuja," ₦ 3,500,000/year "
3 BEDROOM HOUSE FOR RENT,3 Bedroom Flat,Ademola Adetokunbo Victoria Island Lagos," ₦ 15,000,000/year "
5 BEDROOM HOUSE FOR RENT,5 Bedroom Detached Duplex,"Phase 1, Lekki Lagos"," ₦ 25,000,000/year "
4 BEDROOM FLAT / APARTMENT FOR RENT,Luxury 4 Bedroom Apartment + Bq,Old Ikoyi Lagos," ₦ 11,000,000/year "
4 BEDROOM HOUSE FOR RENT,4 Bedroom Semi Detached Duplex With Bq,Osborne Foreshore Estate Ikoyi Lagos," ₦ 12,500,000/year "
3 BEDROOM HOUSE FOR RENT,3 Bedroom Apartment,Oniru Victoria Island Lagos," ₦ 8,000,000/year "
4 BEDROOM HOUSE FOR RENT,Fully Serviced 4 Bedroom Terrace Duplex,Orchid Chevron Lekki Lagos," ₦ 4,000,000/year "
2 BEDROOM HOUSE FOR RENT,2 Bedroom Flat,Gilmore Jahi Abuja," ₦ 4,000,000/year "
2 BEDROOM FLAT / APARTMENT FOR RENT,2 Bedroom Flat,"Ekoro Road, Meiran Abule Egba Lagos"," ₦ 700,000/year "
2 BEDROOM FLAT / APARTMENT FOR RENT,Newly Built 2 Bedroom Flat,Ikolaba Gra Bodija Ibadan Oyo," ₦ 1,200,000/year "
3 BEDROOM HOUSE FOR RENT,3 Bedroom Apartment,Ikate Lekki Lagos," ₦ 6,500,000/year "
5 BEDROOM HOUSE FOR RENT,5 Bedroom Detached Duplex,Chevron Lekki Lagos," ₦ 10,000,000/year "
4 BEDROOM FLAT / APARTMENT FOR RENT,4 Bedroom Apartment With Bq,Old Ikoyi Ikoyi Lagos," ₦ 12,000,000/year "
4 BEDROOM FLAT / APARTMENT FOR RENT,Luxury 4 Bedroom Penthouse,Ikate Lekki Lagos," ₦ 8,000,000/year "
4 BEDROOM HOUSE FOR RENT,4 Bedroom Terraced Duplex,Ologolo Lekki Lagos," ₦ 7,000,000/year "
1 BEDROOM FLAT / APARTMENT FOR RENT,Room Self Contained,Bodija Ibadan Oyo," ₦ 300,000/year "
4 BEDROOM HOUSE FOR RENT,4 Bedroom Semi Detached Duplex,Chevron Lekki Lagos," ₦ 5,500,000/year "
4 BEDROOM HOUSE FOR RENT,Brand New 4 Bedroom Terrace Duplex,Extention Abuja Diplomatic Zone Katampe Ext Abuja," ₦ 10,000,000/year "
4 BEDROOM HOUSE FOR RENT,Beautiful 4 Bedroom Terraced Duplex,Vgc Lekki Lagos," ₦ 4,000,000/year "
4 BEDROOM HOUSE FOR RENT,Serviced 4 Bedroom Maisonette + Gym & Pool,Ikoyi Lagos," ₦ 14,000,000/year "
4 BEDROOM HOUSE FOR RENT,Newly Built 4 Bedroom Semi Detached Duplex With Bq,By Ebanor Super Market Oniru Victoria Island Lagos," ₦ 10,000,000/year "
2 BEDROOM HOUSE FOR RENT,2 Bedroom Block Of Flats,Asokoro Abuja," ₦ 6,500,000/year "
4 BEDROOM HOUSE FOR RENT,Well Renovated 4 Bedroom Semi Detached Duplex,Extention Abuja Diplomatic Zone Katampe Ext Abuja," ₦ 15,000,000/year "
1 BEDROOM FLAT / APARTMENT FOR RENT,Room And Parlor,Ikolaba Gra Bodija Ibadan Oyo," ₦ 700,000/year "
4 BEDROOM HOUSE FOR RENT,4 Bedroom Fully Detached Duplex With Bq,Off Conservation Road Chevron Lekki Lagos," ₦ 7,000,000/year "
4 BEDROOM HOUSE FOR RENT,Massive 4 Bedroom Terraced Duplex,Chevron Lekki Lagos," ₦ 4,500,000/year "
2 BEDROOM HOUSE FOR RENT,2 Bedroom Apartment,"Phase 1, Lekki Lagos"," ₦ 8,000,000/year "
5 BEDROOM HOUSE FOR RENT,Exotic 5 Bedroom Detached Duplex + Bq,Ajah Lagos," ₦ 5,500,000/year "
4 BEDROOM HOUSE FOR RENT,4 Bedroom Terraced Duplex,Kobiowu Crescents Iyanganku Ibadan Oyo," ₦ 4,000,000/year "
4 BEDROOM FLAT / APARTMENT FOR RENT,Waterview 4 Bedroom Apartment,Old Ikoyi Ikoyi Lagos," ₦ 16,000,000/year "
4 BEDROOM FLAT / APARTMENT FOR RENT,3 Bedroom Apartment,Off Banana Island Road Ikoyi Lagos," ₦ 12,000,000/year "
3 BEDROOM FLAT / APARTMENT FOR RENT,Luxury 3 Bedroom Apartment With Bq,Old Ikoyi Ikoyi Lagos," ₦ 13,000,000/year "
4 BEDROOM HOUSE FOR RENT,Beautiful 4 Bedroom Semi Detached Duplex,Orchid Chevron Lekki Lagos," ₦ 4,500,000/year "
4 BEDROOM HOUSE FOR RENT,Exotic 4 Bedroom Terraced Duplex,Orchid Chevron Lekki Lagos," ₦ 4,000,000/year "
4 BEDROOM HOUSE FOR RENT,4 Bedroom Terraced Duplex,Orchid Chevron Lekki Lagos," ₦ 4,500,000/year "
4 BEDROOM HOUSE FOR RENT,4 Bedroom Semi Detached Duplex,"Chevron Toll Gate, Lekki Lagos"," ₦ 6,000,000/year "
4 BEDROOM HOUSE FOR RENT,Serviced 4 Bedroom Semi Detached Duplex With Bq,Orchid Chevron Lekki Lagos," ₦ 5,500,000/year "
4 BEDROOM HOUSE FOR RENT,Aesthetic 4 Bedroom Semi Detached Duplex + Bq,"Orchid, Chevron Lekki Lagos"," ₦ 4,000,000/year "
4 BEDROOM HOUSE FOR RENT,Ensuite 4 Bedroom Terrace Duplex,Orchid Chevron Lekki Lagos," ₦ 4,000,000/year "
3 BEDROOM FLAT / APARTMENT FOR RENT,6 Units Of 3 Bedroom Apartment,Old Ikoyi Lagos," ₦ 8,000,000/year "
4 BEDROOM HOUSE FOR RENT,4 Bedroom Terraced Duplex,Ikota Lekki Lagos," ₦ 4,000,000/year "
4 BEDROOM HOUSE FOR RENT,4 Bedroom Semi Detached Duplex,Osapa London Lekki Lagos," ₦ 6,500,000/year "
4 BEDROOM HOUSE FOR RENT,4 Bedroom Terraced Duplexes,"Orchid, Chevron Lekki Lagos"," ₦ 5,000,000/year "
4 BEDROOM HOUSE FOR RENT,4 Bedroom Semi Detached Duplex + Bq,Ajah Lagos," ₦ 5,000,000/year "
4 BEDROOM HOUSE FOR RENT,4 Bedroom Semi Detached Duplex,Ikota Lekki Lagos," ₦ 4,300,000/year "
4 BEDROOM HOUSE FOR RENT,Suitable For Commercial 4 Bed Semi Detached Duplex + Bq,Chevron Lekki Lagos," ₦ 6,000,000/year "
4 BEDROOM HOUSE FOR RENT,Beautiful 4 Bedroom Semi Detached Duplex,Orchid Chevron Lekki Lagos," ₦ 4,000,000/year "
3 BEDROOM HOUSE FOR RENT,3 Bedroom Apartment,Oniru Victoria Island Lagos," ₦ 9,000,000/year "
4 BEDROOM HOUSE FOR RENT,Luxury 4 Bedroom Terrace Duplex,Old Ikoyi Ikoyi Lagos," ₦ 18,000,000/year "
4 BEDROOM HOUSE FOR RENT,Serviced 4 Bedroom Terraced Duplex,Orchid Chevron Lekki Lagos," ₦ 4,000,000/year "
4 BEDROOM FLAT / APARTMENT FOR RENT,Luxury 4 Bedroom Apartment,Old Ikoyi Ikoyi Lagos," ₦ 16,000,000/year "
4 BEDROOM HOUSE FOR RENT,4 Bedroom Terrace Duplex,Close To Coza Guzape Abuja," ₦ 4,500,000/year "
2 BEDROOM HOUSE FOR RENT,Serviced 2 Bedroom Flat With Bq,Wuse 2 Abuja," ₦ 7,000,000/year "
4 BEDROOM HOUSE FOR RENT,4 Bedroom Semi Detached Duplex,Old Ikoyi Lagos," ₦ 20,000,000/year "
2 BEDROOM FLAT / APARTMENT FOR RENT,2 Bedroom Flat,"Kolapo Ishola Gra, Akobo Ibadan Oyo"," ₦ 1,200,000/year "
4 BEDROOM HOUSE FOR RENT,Fully Serviced 4 Bedroom Terrace Duplex,Orchid Chevron Lekki Lagos," ₦ 4,000,000/year "
FLAT / APARTMENT FOR RENT,Mini Flat,Iwaya Onike Bariga Lagos," ₦ 750,000/year "
3 BEDROOM HOUSE FOR RENT,3 Bedroom Flat,Gilmore Jahi Abuja," ₦ 6,000,000/year "
5 BEDROOM HOUSE FOR RENT,5 Bedroom Fully Detached Duplex,Chevron Lekki Lagos," ₦ 10,000,000/year "
3 BEDROOM HOUSE FOR RENT,3 Bedroom Bungalow,Abuja Diplomatic Zone Asokoro Abuja," ₦ 8,500,000/year "
4 BEDROOM HOUSE FOR RENT,4 Bedroom Terraced Duplex,Banana Island Ikoyi Lagos," ₦ 22,000,000/year "
4 BEDROOM HOUSE FOR RENT,Luxury 4 Bedroom Terrace Duplex,Old Ikoyi Ikoyi Lagos," ₦ 13,000,000/year "
4 BEDROOM HOUSE FOR RENT,Exotic 4 Bedroom Terraced Duplex + Bq,"Orchid, Chevron Lekki Lagos"," ₦ 3,500,000/year "
4 BEDROOM HOUSE FOR RENT,4 Bedroom Terrace Duplex With Bq,Life Camp Abuja," ₦ 7,000,000 "
4 BEDROOM HOUSE FOR RENT,Luxury 4 Bedroom Detached Duplex,Old Ikoyi Lagos," ₦ 17,000,000/year "
3 BEDROOM FLAT / APARTMENT FOR RENT,Luxury 4 Bedroom Apartment +bq,Old Ikoyi Old Ikoyi Ikoyi Lagos," ₦ 16,000,000/year "
CO WORKING SPACE FOR RENT,Office Space,"Gastab, New Garage, Ibadan Oyo"," ₦ 1,000,000/year "
6 BEDROOM HOUSE FOR RENT,6 Bedroom Duplex,Osapa London Lekki Lagos," ₦ 9,500,000/year "
4 BEDROOM HOUSE FOR RENT,Fully Serviced 4 Bedroom Semi Detached Duplex With Bq,Orchid Chevron Lekki Lagos," ₦ 5,000,000/year "
4 BEDROOM HOUSE FOR RENT,Serviced 4 Bedroom Semi Detached Duplex + Bq,Igbo Efon Lekki Lagos," ₦ 5,500,000/year "
4 BEDROOM HOUSE FOR RENT,4 Bedroom Terraced Duplex,Lekki Lagos," ₦ 12,000,000/year "
4 BEDROOM HOUSE FOR RENT,4 Bedroom Semi Detached Duplex,Chevron Lekki Lagos," ₦ 7,000,000/year "
4 BEDROOM HOUSE FOR RENT,Exotic 4 Bedroom Maisonette,"Admiralty Way, Phase 1 Lekki Lagos"," ₦ 10,000,000/year "
4 BEDROOM HOUSE FOR RENT,Exotic 4 Bedroom Detached Duplex + Bq L,Osapa London Lekki Lagos," ₦ 5,500,000/year "
5 BEDROOM HOUSE FOR RENT,5 Bedroom Fully Detached Duplex With Bq,Orchid Chevron Lekki Lagos," ₦ 8,000,000 "
4 BEDROOM HOUSE FOR RENT,Beautiful 4 Bedroom Semi Detached Duplex,Orchid Chevron Lekki Lagos," ₦ 6,000,000/year "
4 BEDROOM HOUSE FOR RENT,4 Bedroom Terraced Duplex,"Phase 1, Lekki Lagos"," ₦ 10,000,000/year "
4 BEDROOM HOUSE FOR RENT,4 Bedroom Semi Detached Duplex,Chevron Lekki Lagos," ₦ 6,500,000/year "
4 BEDROOM HOUSE FOR RENT,4 Bedroom Fully Detached Duplex,Chevron Lekki Lagos," ₦ 8,000,000/year "
4 BEDROOM HOUSE FOR RENT,4 Bedroom Semi Detached Duplex,Idado Lekki Lagos," ₦ 5,500,000/year "
5 BEDROOM HOUSE FOR RENT,5 Bedroom Detached Duplex,"Lekki Right, Lekki Lagos"," ₦ 20,000,000/year "
3 BEDROOM HOUSE FOR RENT,3 Bedroom Apartment,Lekki Lagos," ₦ 8,500,000/year "
4 BEDROOM HOUSE FOR RENT,4 Bedroom Terrace Duplex With Bq,Ikate Lekki Lagos," ₦ 8,500,000/year "
5 BEDROOM HOUSE FOR RENT,5 Bedroom Fully Detached Duplex,Idado Lekki Lagos," ₦ 5,500,000/year "
3 BEDROOM HOUSE FOR RENT,3 Bedroom Penthouse,Old Ikoyi Ikoyi Lagos," ₦ 16,000,000/year "
4 BEDROOM HOUSE FOR RENT,4 Bedroom Detached Duplex With Bq,Old Ikoyi Ikoyi Lagos," ₦ 16,000,000/year "
4 BEDROOM FLAT / APARTMENT FOR RENT,Luxury 4 Bedroom Penthouse + Bq,Banana Island Estate Banana Island Ikoyi Lagos," ₦ 25,000,000/year "
4 BEDROOM HOUSE FOR RENT,Luxury 4 Bedroom Terraced Duplex + Bq,Old Ikoyi Lagos," ₦ 25,000,000/year "
5 BEDROOM HOUSE FOR RENT,5 Bedroom Semi Detached Duplex,Katampe Ext Abuja," ₦ 25,000,000/year "
7 BEDROOM HOUSE FOR RENT,7 Bedroom Mansion,"Diplomatic Zone, Maitama Abuja"," ₦ 70,000,000/year "
4 BEDROOM HOUSE FOR RENT,4 Bedroom Semi Detached Duplex,"Naf Valley Estate, Diplomatic Zone, Asokoro Abuja"," ₦ 8,000,000/year "
4 BEDROOM HOUSE FOR RENT,Newly Built 4 Bedroom Terrace Duplex,Old Ikoyi Ikoyi Lagos," ₦ 16,000,000/year "
4 BEDROOM HOUSE FOR RENT,Serviced 4 Bedroom Terraced Duplex,Orchid Chevron Lekki Lagos," ₦ 4,500,000/year "
4 BEDROOM HOUSE FOR RENT,4 Bedroom Terrace Duplex,Lekki Lagos," ₦ 8,000,000/year "
4 BEDROOM HOUSE FOR RENT,New 4 Bedroom Terraced Duplex + 1 Room Bq,"Diplomatic Zone, Guzape Abuja"," ₦ 8,000,000/year "
1 BEDROOM FLAT / APARTMENT FOR RENT,Newly Built Mini Flat,Oniru Victoria Island Lagos," ₦ 5,500,000/year "
4 BEDROOM HOUSE FOR RENT,4 Bedroom Fully Detached Duplex,Yakoyo Ojodu Lagos," ₦ 3,500,000/year "
5 BEDROOM HOUSE FOR RENT,Furnished 5 Bedroom Detached Duplex,Chevron Lekki Lagos," ₦ 10,000,000/year "
2 BEDROOM HOUSE FOR RENT,2 Bedroom Apartment,Ligali Ayorinde Victoria Island Lagos," ₦ 8,000,000/year "
6 BEDROOM HOUSE FOR RENT,6 Bedroom Mansion,Diplomatic Zone Asokoro Abuja," ₦ 40,000,000/year "
4 BEDROOM HOUSE FOR RENT,4 Bedroom Semi Detached Duplex + Pool,Banana Island Ikoyi Lagos," ₦ 30,000,000/year "
4 BEDROOM HOUSE FOR RENT,4 Bedroom Detached Duplex,Orchid Chevron Lekki Lagos," ₦ 8,000,000/year "
2 BEDROOM HOUSE FOR RENT,Beautiful 2 Bedroom Apartment,Ikate Lekki Lagos," ₦ 3,500,000/year "
5 BEDROOM HOUSE FOR RENT,5 Bedroom Detached Duplex,Ikate Lekki Lagos," ₦ 13,000,000/year "
4 BEDROOM HOUSE FOR RENT,New 4 Bedroom Semi Detached Duplex,Chevron Lekki Lagos," ₦ 5,000,000/year "
2 BEDROOM FLAT / APARTMENT FOR RENT,2 Bedroom Apartment,Bay Nest Megamound Extension Mobil Road Lekki Phase 2 Lekki Lagos," ₦ 2,800,000/year "
4 BEDROOM HOUSE FOR RENT,4 Bedroom Terrace Duplex,Old Ikoyi Ikoyi Lagos," ₦ 18,000,000/year "
3 BEDROOM FLAT / APARTMENT FOR RENT,3 Bedroom Apartment,Banana Island Ikoyi Lagos," ₦ 14,550,000/year "
4 BEDROOM FLAT / APARTMENT FOR RENT,4 Bedroom Apartment+ Bq,"Banana Island Road, Ikoyi Lagos"," ₦ 15,000,000/year "
4 BEDROOM FLAT / APARTMENT FOR RENT,4 Bedroom Apartment With Bq,Old Ikoyi Ikoyi Lagos," $ 125,000/year "
3 BEDROOM FLAT / APARTMENT FOR RENT,3 Bedroom Flat,Gowon Estate Egbeda Alimosho Lagos," ₦ 2,000,000/year "
5 BEDROOM HOUSE FOR RENT,Semi Detached 5 Bedroom Duplex,Guzape Abuja," ₦ 13,000,000/year "
3 BEDROOM HOUSE FOR RENT,3 Bedroom Block Of Flats,Guzape Abuja," ₦ 5,000,000/year "
3 BEDROOM HOUSE FOR RENT,3 Bedroom Block Of Flats,Asokoro Abuja," $ 40,000/year "
5 BEDROOM HOUSE FOR RENT,5 Bedroom Detached Duplex,"Chevron Toll Gate, Chevron Lekki Lagos"," ₦ 7,000,000/year "
3 BEDROOM HOUSE FOR RENT,3 Bedroom Flat,"Kolapo Ishola Gra, Akobo Ibadan Oyo"," ₦ 2,000,000/year "
8 BEDROOM HOUSE FOR RENT,8 Bedroom Detached Duplex,Main Maitama Abuja," ₦ 60,000,000/year "
FLAT / APARTMENT FOR RENT,2 Bedroom Flat,Bodija Ibadan Oyo," ₦ 600,000/year "
1 BEDROOM FLAT / APARTMENT FOR RENT,Mini Flat,Palmgroove Shomolu Lagos," ₦ 800,000/year "
3 BEDROOM FLAT / APARTMENT FOR RENT,Ground Floor 3 Bedroom Apartment + Bq,Parkview Estate Ikoyi Lagos," ₦ 7,000,000/year "
FLAT / APARTMENT FOR RENT,Newly Built 2 Bedroom Flat,"Isokan Estate, Akobo Ibadan Oyo"," ₦ 600,000/year "
FLAT / APARTMENT FOR RENT,Room Self Contain,"Awotan Area Apete, Ibadan Oyo"," ₦ 100,000/year "
3 BEDROOM FLAT / APARTMENT FOR RENT,3 Bedroom Apartment,Old Ikoyi Lagos," ₦ 9,000,000/year "
4 BEDROOM FLAT / APARTMENT FOR RENT,Premium 4 Bedroom Apartment With Bq,Old Ikoyi Ikoyi Lagos," ₦ 12,000,000/year "
4 BEDROOM HOUSE FOR RENT,4 Bedroom Terraced Duplex + Bq,"By Bera Estate, Chevron Lekki Lagos"," ₦ 5,000,000/year "
4 BEDROOM HOUSE FOR RENT,4 Bedroom Terraced Duplex,Chevron Lekki Lagos," ₦ 4,000,000/year "
4 BEDROOM FLAT / APARTMENT FOR RENT,Luxury 4 Bedroom Apartment + Bq,Old Ikoyi Lagos," ₦ 16,000,000/year "
2 BEDROOM HOUSE FOR RENT,Blocks Of 2 Bedroom Apartment,Oniru Victoria Island Lagos," ₦ 5,500,000/year "
4 BEDROOM HOUSE FOR RENT,Newly Built 4 Bedroom Terrace Duplex With Bq,Banana Island Ikoyi Lagos," ₦ 25,000,000/year "
4 BEDROOM HOUSE FOR RENT,4 Bedroom Maisonette,Banana Island Ikoyi Lagos," ₦ 35,000,000/year "
6 BEDROOM HOUSE FOR RENT,6 Bedroom Detached Duplex,"Ecowas, Asokoro Abuja"," ₦ 40,000,000/year "
4 BEDROOM HOUSE FOR RENT,Newly Built 4 Bedroom Fully Detached Duplex,Secound Tollgate Lekki Phase 2 Lekki Lagos," ₦ 9,000,000/year "
5 BEDROOM HOUSE FOR RENT,Newly Built 5 Bedroom Semi Detached Duplex With Bq,Old Ikoyi Lagos," ₦ 20,000,000/year "
4 BEDROOM HOUSE FOR RENT,4 Bedroom Terraced Duplex,Ikota Gra Lekki Lagos," ₦ 3,500,000/year "
3 BEDROOM FLAT / APARTMENT FOR RENT,3 Bedroom Apartment With Bq,Old Ikoyi Lagos," ₦ 24,000,000/year "
4 BEDROOM HOUSE FOR RENT,4 Bedroom Terrace Duplex With Bq,Lekki Phase 1 Lekki Lagos," ₦ 12,000,000/year "
HOUSE FOR RENT,4 Bedroom Bungalow,Akala Express Ibadan Oyo," ₦ 1,000,000/year "
4 BEDROOM HOUSE FOR RENT,4 Bedroom Terrace Duplex,Diplomatic Zone Guzape Abuja," ₦ 6,000,000/year "
8 BEDROOM HOUSE FOR RENT,8 Bedroom Mansion,Diplomatic Zone Asokoro Abuja," ₦ 25,000,000/year "
4 BEDROOM HOUSE FOR RENT,4 Bedroom Terraced Duplex,"By National Assembly Qt, Apo Abuja"," ₦ 8,000,000/year "
FLAT / APARTMENT FOR RENT,Newly Built 2 Bedroom Flat,Fodacis Ibadan Oyo," ₦ 800,000/year "
FLAT / APARTMENT FOR RENT,Standard 3 Bedroom Flat,"Oke Ibukun Elebu, Ibadan Oyo"," ₦ 600,000/year "
3 BEDROOM FLAT / APARTMENT FOR RENT,3 Bedroom Apartment + Bq,Old Ikoyi Lagos," ₦ 8,000,000/year "
HOUSE FOR RENT,4 Bedroom Terraced Duplex,"Phase 1, Lekki Lagos"," ₦ 7,000,000/year "
4 BEDROOM HOUSE FOR RENT,Exotic 4 Bedroom Detached Duplex,Oral Estate Lekki Lagos," ₦ 7,000,000/year "
4 BEDROOM HOUSE FOR RENT,4 Bedroom Detached Duplex + Bq,Orchid Chevron Lekki Lagos," ₦ 5,500,000/year "
3 BEDROOM HOUSE FOR RENT,3 Bedroom Penthouse,Off Admiralty Lekki Lagos," ₦ 11,000,000/year "
4 BEDROOM HOUSE FOR RENT,Fully Serviced 4 Bedroom Massionette,Ikoyi Lagos," ₦ 14,000,000/year "
4 BEDROOM HOUSE FOR RENT,Fully Serviced 4 Bedroom Terraced Duplex,"Orchid, Chevron Lekki Lagos"," ₦ 4,000,000/year "
4 BEDROOM HOUSE FOR RENT,Serviced 4 Bedroom Semi Detached Duplex,Ikoyi Lagos," ₦ 17,000,000/year "
4 BEDROOM HOUSE FOR RENT,Fully Serviced 4 Bedroom Maisonette,"Phase 1, Lekki Lagos"," ₦ 10,000,000/year "
4 BEDROOM HOUSE FOR RENT,4 Bedroom Terrace Duplex,Ikoyi Lagos," ₦ 25,000,000/year "
4 BEDROOM FLAT / APARTMENT FOR RENT,4 Bedroom Apartment,Old Ikoyi Ikoyi Lagos," ₦ 11,800,000/year "
HOUSE FOR RENT,Spacious 3 Bedroom Maisonette,Chevron Lekki Lagos," ₦ 4,000,000/year "
4 BEDROOM HOUSE FOR RENT,4 Bedroom Terrace Duplex,Ikota Lekki Lagos," ₦ 4,000,000/year "
4 BEDROOM HOUSE FOR RENT,4 Bedroom Terraced Duplex,Ologolo Lekki Lagos," ₦ 7,000,000/year "
5 BEDROOM HOUSE FOR RENT,5 Bedroom Detached Duplex + Bq,Ikate Lekki Lagos," ₦ 13,000,000/year "
5 BEDROOM HOUSE FOR RENT,Exotic 5 Bedroom Semi Detached Duplex,Ikate Lekki Lagos," ₦ 10,000,000/year "
4 BEDROOM HOUSE FOR RENT,Serviced 4 Bedroom Terraced Duplex,Ikoyi Lagos," ₦ 17,000,000/year "
2 BEDROOM HOUSE FOR RENT,Furnished 2 Bedroom Apartment,Lekki Right Lekki Lagos," ₦ 15,000,000/year "
4 BEDROOM HOUSE FOR RENT,4 Bedroom Semi Detached Duplex,Lekki Lagos," ₦ 12,000,000/year "
4 BEDROOM HOUSE FOR RENT,Luxury 4 Bedroom Terraced Duplex + Bq,Old Ikoyi Lagos," ₦ 16,000,000/year "
5 BEDROOM HOUSE FOR RENT,5 Bedroom Fully Detached Duplex,"Oral Estate, Chevron Lekki Lagos"," ₦ 6,000,000/year "
4 BEDROOM HOUSE FOR RENT,4 Bedroom Semi Detached Duplex,Old Ikoyi Ikoyi Lagos," ₦ 20,000,000/year "
4 BEDROOM HOUSE FOR RENT,4 Bedroom Semi Detached Duplex,"Chevron Toll Gate, Chevron Lekki Lagos"," ₦ 5,000,000/year "
4 BEDROOM HOUSE FOR RENT,4 Bedroom Terrace Duplex With Bq,Banana Island Ikoyi Lagos," ₦ 22,000,000/year "
5 BEDROOM HOUSE FOR RENT,5 Bedroom Fully Detached Duplex,Ikota Lekki Lagos," ₦ 6,300,000/year "
4 BEDROOM HOUSE FOR RENT,4 Bedroom Semi Detached Duplex,Ikota Lekki Lagos," ₦ 5,000,000/year "
2 BEDROOM FLAT / APARTMENT FOR RENT,2 Bedroom Flat,Kolapo Ishola Gra Akobo Ibadan Oyo," ₦ 1,500,000/year "
5 BEDROOM HOUSE FOR RENT,Spacious 5 Bedroom Fully Detached Duplex,Drive Lekki Lagos Chevron Lekki Lagos," ₦ 7,000,000/year "
2 BEDROOM HOUSE FOR RENT,Fully Serviced 2 Bedroom Apartments,Orchid Chevron Lekki Lagos," ₦ 3,000,000/year "
4 BEDROOM HOUSE FOR RENT,Exotic 4 Bedroom Semi Detached Duplex,Osapa London Lekki Lagos," ₦ 7,000,000/year "
4 BEDROOM HOUSE FOR RENT,New 4 Bedroom Semi Detached House + Bq,Osborne 2 Osborne Foreshore Estate Ikoyi Lagos," ₦ 15,000,000/year "
4 BEDROOM HOUSE FOR RENT,4 Bedroom Semi Detached Duplex,Ikoyi Lagos," ₦ 18,000,000/year "
4 BEDROOM HOUSE FOR RENT,4 Bedroom Terrace Duplex,Banana Island Ikoyi Lagos," ₦ 22,000,000/year "
3 BEDROOM FLAT / APARTMENT FOR RENT,3 Bedroom Apartment,Old Ikoyi Ikoyi Lagos," ₦ 9,000,000/year "
2 BEDROOM FLAT / APARTMENT FOR RENT,2 Bedroom Flat,"Cele Aparadija, Close To Ayobo Ipaja Lagos"," ₦ 250,000/year "
3 BEDROOM FLAT / APARTMENT FOR RENT,Luxury 3 Bedroom Apartment + Bq,Banana Island Ikoyi Lagos," ₦ 12,000,000/year "
3 BEDROOM HOUSE FOR RENT,3 Bedroom Apartment,"Off Nike Art Gallery, Phase 1 Lekki Lagos"," ₦ 5,000,000/year "
2 BEDROOM HOUSE FOR RENT,Serviced 2 Bedroom Apartment,Ikate Lekki Lagos," ₦ 4,500,000/year "
1 BEDROOM HOUSE FOR RENT,1 Bedroom Apartment,Oniru Victoria Island Lagos," ₦ 3,500,000/year "
2 BEDROOM FLAT / APARTMENT FOR RENT,2 Bedroom Flat,"Ekoro Road, Meiran Abule Egba Lagos"," ₦ 500,000/year "
4 BEDROOM HOUSE FOR RENT,Exquisite 4 Bedroom Terraced Duplex + Bq,Osapa London Lekki Lagos," ₦ 4,000,000/year "
4 BEDROOM HOUSE FOR RENT,Brand New 4 Bedroom Detached Duplex,Naf Valley Estate Asokoro Abuja Diplomatic Zone Asokoro Abuja," ₦ 8,000,000/year "
4 BEDROOM HOUSE FOR RENT,4 Bedroom Terrace Duplex,Osapa London Lekki Lagos," ₦ 7,000,000/year "
3 BEDROOM FLAT / APARTMENT FOR RENT,Waterfront 3 Bedroom Apartment With Bq,Banana Island Ikoyi Lagos," ₦ 14,500,000/year "
4 BEDROOM HOUSE FOR RENT,4 Bedroom Semi Detached Duplex,Chevron Lekki Lagos," ₦ 5,000,000/year "
4 BEDROOM HOUSE FOR RENT,Luxury 4 Bedroom Terraced Duplex + Bq,Old Ikoyi Lagos," ₦ 13,000,000/year "
3 BEDROOM HOUSE FOR RENT,3 Bedroom Apartment,Oniru Victoria Island Lagos," ₦ 9,000,000/year "
3 BEDROOM FLAT / APARTMENT FOR RENT,3 Bedroom Flat,Ijede Ikorodu Lagos," ₦ 400,000/year "
HOUSE FOR RENT,3 Bedroom Duplex With Bq,Ring Rd Ibadan Oyo," ₦ 1,700,000/year "
1 BEDROOM FLAT / APARTMENT FOR RENT,Mini Flat,Gloryland Egbeda Alimosho Lagos," ₦ 400,000/year "
4 BEDROOM HOUSE FOR RENT,4 Bedroom Terraced Duplex,Chevron Lekki Lagos," ₦ 4,000,000/year "
4 BEDROOM HOUSE FOR RENT,4 Bedroom Terraced Duplex,Chevron Lekki Lagos," ₦ 5,000,000/year "
4 BEDROOM HOUSE FOR RENT,Lovely 4 Bedroom Terrace Duplex With Bq,Lekki Phase 1 Lekki Lagos," ₦ 10,000,000/year "
4 BEDROOM HOUSE FOR RENT,4 Bedroom Terrace Duplex,Chevron Lekki Lagos," ₦ 4,500,000/year "
4 BEDROOM HOUSE FOR RENT,4 Bedroom Terraced Duplex + 1 Room Bq,"By National Assembly Qt Diplomatic Zone, Apo Abuja"," ₦ 6,500,000/year "
LAND FOR RENT,20 Acres Of Farm Land,Oduru Village Near Elekuru Off Moniya/ijaye Road Moniya Ibadan Oyo," ₦ 10,000/year "
3 BEDROOM FLAT / APARTMENT FOR RENT,Luxury 3 Bedroom Apartment,Old Ikoyi Ikoyi Lagos," ₦ 16,000,000/year "
2 BEDROOM FLAT / APARTMENT FOR RENT,2 Bedroom Flat,Pedro Shomolu Lagos," ₦ 1,600,000/year "
4 BEDROOM HOUSE FOR RENT,4 Bedroom Terrace Duplex,Guzape Abuja," ₦ 8,000,000/year "
COMMERCIAL PROPERTY FOR RENT,Supermarket/banking Hall,Cele Ijesha Bus Stop Ijesha Surulere Lagos," ₦ 5,000,000/year "
3 BEDROOM FLAT / APARTMENT FOR RENT,Serviced 3 Bedroom Apartment,"Bay Nest Megamound Extension, Phase 2 Lekki Lagos"," ₦ 3,500,000/year "
4 BEDROOM HOUSE FOR RENT,Waterview 4 Bedroom Maisonette,Banana Island Ikoyi Lagos," ₦ 40,000,000/year "
4 BEDROOM HOUSE FOR RENT,4 Bedroom Terraced Duplex + Bq,Banana Island Ikoyi Lagos," ₦ 12,000,000/year "
6 BEDROOM HOUSE FOR RENT,6 Bedroom Duplex,Osapa London Lekki Lagos," ₦ 12,000,000/year "
4 BEDROOM HOUSE FOR RENT,Aesthetic 4 Bedroom Maisonette,"Admiralty Way, Phase 1 Lekki Lagos"," ₦ 10,000,000/year "
5 BEDROOM HOUSE FOR RENT,5 Bedroom Detached Duplex,Chevron Lekki Lagos," ₦ 7,000,000/year "
5 BEDROOM HOUSE FOR RENT,Luxury 5 Bedroom Semi Detached House + Bq,Mojisola Onikoyi Estate Ikoyi Lagos," ₦ 22,000,000/year "
5 BEDROOM HOUSE FOR RENT,5 Bedroom Fully Detached Duplex,Chevron Lekki Lagos," ₦ 9,500,000/year "
4 BEDROOM HOUSE FOR RENT,Exquisite 4 Bedroom Terraced Duplex,Ikota Lekki Lagos," ₦ 3,800,000/year "
6 BEDROOM HOUSE FOR RENT,Furnished 6 Bedroom Detatched Duplex + Bq,Osapa London Lekki Lagos," ₦ 12,000,000/year "
4 BEDROOM HOUSE FOR RENT,Exquisite 4 Bedroom Semi Detached Duplex,Vgc Lekki Lagos," ₦ 5,000,000/year "
4 BEDROOM HOUSE FOR RENT,Newly Built 4 Bedroom Semi Detached Duplex With Bq,Old Ikoyi Ikoyi Lagos," ₦ 18,000,000/year "
4 BEDROOM HOUSE FOR RENT,Furnished 4 Bedroom Terraced Duplex + Bq,Old Ikoyi Lagos," ₦ 20,000,000/year "
4 BEDROOM HOUSE FOR RENT,Luxury 4 Bedroom Terraced House + Bq,Banana Island Ikoyi Lagos," ₦ 17,000,000/year "
4 BEDROOM HOUSE FOR RENT,4 Bedroom Terraced Duplex,Chevron Lekki Lagos," ₦ 4,000,000/year "
3 BEDROOM HOUSE FOR RENT,Exquisite 3 Bedroom Apartment,Agungi Lekki Lagos," ₦ 4,000,000/year "
4 BEDROOM HOUSE FOR RENT,4 Bedroom Terraced Duplex,Ikoyi Lagos," ₦ 7,500,000/year "
4 BEDROOM HOUSE FOR RENT,Serviced 4 Bedroom Semi Detached Duplex With Bq,Vgc Lekki Lagos," ₦ 5,500,000/year "
4 BEDROOM HOUSE FOR RENT,Exquisite 4 Bedroom Terraced Duplexes,Ikota Lekki Lagos," ₦ 3,800,000/year "
4 BEDROOM HOUSE FOR RENT,Serviced 4 Bedroom Terraced Duplexes + Pool,"Orchid, Chevron Lekki Lagos"," ₦ 4,000,000/year "
4 BEDROOM HOUSE FOR RENT,4 Bedroom Terraced Duplex,Ikota Lekki Lagos," ₦ 5,000,000/year "
2 BEDROOM HOUSE FOR RENT,2 Bedroom Apartment,Agungi Lekki Lagos," ₦ 4,000,000/year "
3 BEDROOM FLAT / APARTMENT FOR RENT,3 Bedroom Apartment + Bq,Old Ikoyi Lagos," ₦ 12,000,000/year "
4 BEDROOM HOUSE FOR RENT,4 Bedroom Detached Duplex With Bq,Chevron 2nd Toll Gate Lekki Lagos," ₦ 5,000,000/year "
4 BEDROOM HOUSE FOR RENT,Exotic 4 Bedroom Terraced Duplex,Orchid Chevron Lekki Lagos," ₦ 3,500,000/year "
3 BEDROOM FLAT / APARTMENT FOR RENT,3 Bedroom Apartment With Bq,Old Ikoyi Lagos," ₦ 15,000,000/year "
2 BEDROOM FLAT / APARTMENT FOR RENT,2 Bedroom Flat,Iyana Ipaja Ipaja Lagos," ₦ 900,000/year "
4 BEDROOM HOUSE FOR RENT,4 Bedroom Terraced Duplex,"Diplomatic Zone, Wuye Abuja"," ₦ 15,000,000/year "
4 BEDROOM HOUSE FOR RENT,Brand New 4 Bedroom Semi Detached Duplex,"Phase 1, Lekki Lagos"," ₦ 12,000,000/year "
4 BEDROOM HOUSE FOR RENT,Magnificent 4 Bedroom Terraced Duplex,"Meadow Hall, Ikate Lekki Lagos"," ₦ 6,500,000/year "
5 BEDROOM HOUSE FOR RENT,5 Bedroom Semi Detached House + 2 Bq,Parkview Estate Ikoyi Lagos," ₦ 12,000,000/year "
4 BEDROOM HOUSE FOR RENT,4 Bedroom Detached Duplex,"Chevron Toll Gate Orchid, Chevron Lekki Lagos"," ₦ 6,500,000/year "
4 BEDROOM HOUSE FOR RENT,4 Bedroom Terrace Duplex With Bq,Old Ikoyi Lagos," ₦ 25,000,000/year "
1 BEDROOM FLAT / APARTMENT FOR RENT,Brand New 1 Bedroom Apartment,Ologolo Lekki Lagos," ₦ 3,000,000/year "
4 BEDROOM HOUSE FOR RENT,Unfurnished 4 Bedroom Terraced House + Bq,Old Ikoyi Lagos," ₦ 20,000,000/year "
3 BEDROOM HOUSE FOR RENT,3 Bedroom Flat,Maitama Abuja," ₦ 13,500,000/year "
3 BEDROOM FLAT / APARTMENT FOR RENT,Spacious 3 Bedroom Apartment,"Megamound Estate, Ikota Lekki Lagos"," ₦ 4,000,000/year "
9 BEDROOM HOUSE FOR RENT,9 Bedroom Detached Duplex,Maitama Abuja," ₦ 60,000,000/year "
4 BEDROOM HOUSE FOR RENT,4 Bedroom Terrace Duplex,Gilmore Jahi Abuja," ₦ 6,500,000/year "
2 BEDROOM FLAT / APARTMENT FOR RENT,2 Bedroom Apartment,Lekki Lagos Ikate Lekki Lagos," ₦ 3,500,000/year "
4 BEDROOM FLAT / APARTMENT FOR RENT,4 Bedroom Apartment,Banana Island Ikoyi Lagos," ₦ 25,000,000/year "
4 BEDROOM HOUSE FOR RENT,Luxury 4 Bedroom Maisonette On 2 Floors + Bq,Parkview Estate Ikoyi Lagos," ₦ 14,000,000/year "
3 BEDROOM FLAT / APARTMENT FOR RENT,Luxury 3 Bedroom Apartment + Bq,Old Ikoyi Lagos," ₦ 14,000,000/year "
CO WORKING SPACE FOR RENT,Office Space,Ojoo Ibadan Oyo," ₦ 500,000/year "
4 BEDROOM FLAT / APARTMENT FOR RENT,4 Bedroom Apartment,Old Ikoyi Ikoyi Lagos," ₦ 12,000,000/year "
4 BEDROOM HOUSE FOR RENT,4 Bedroom Semi Detached Duplex With Bq,Parkview Estate Ikoyi Lagos," ₦ 17,999,999/year "
2 BEDROOM HOUSE FOR RENT,2 Bedroom Serviced Apartment,Chevron Lekki Lagos," ₦ 3,000,000/year "
4 BEDROOM HOUSE FOR RENT,4 Bedroom Terraced Duplex,Ikate Lekki Lagos," ₦ 8,500,000/year "
5 BEDROOM HOUSE FOR RENT,Luxury 5 Bedroom Detached Duplex + Bq,Banana Island Ikoyi Lagos," $ 150,000/year "
5 BEDROOM HOUSE FOR RENT,5 Bedroom Detached Duplex,Lekki Lagos," ₦ 20,000,000/year "
4 BEDROOM HOUSE FOR RENT,Detached 4 Bedroom Duplex,Old Ikoyi Ikoyi Lagos," ₦ 20,000,000/year "
4 BEDROOM HOUSE FOR RENT,4 Bedroom Terrace Duplex With Bq,Ologolo Lekki Lagos," ₦ 7,500,000/year "
4 BEDROOM HOUSE FOR RENT,4 Bedroom Terraced Duplex,Vgc Lekki Lagos," ₦ 4,000,000/year "
4 BEDROOM HOUSE FOR RENT,Massive 4 Bedroom Terraced Duplex,Vgc Lekki Lagos," ₦ 3,500,000/year "
5 BEDROOM HOUSE FOR RENT,5 Bedroom Ensuite Detached Duplex With Bq,Ikota Lekki Lagos," ₦ 6,500,000/year "
3 BEDROOM HOUSE FOR RENT,3 Bedroom Semi Detached Duplex With Bq,Carlton Gate Estate Akobo Ibadan Oyo," ₦ 3,500,000/year "
FLAT / APARTMENT FOR RENT,A Room Self Contain,"Felele, Challenge Ibadan Oyo"," ₦ 200,000/year "
2 BEDROOM HOUSE FOR RENT,2 Bedroom Flat,Oniru Victoria Island Lagos," ₦ 8,000,000/year "
4 BEDROOM HOUSE FOR RENT,4 Bedroom Terrace Duplex With Bq,"Plot 625 Mobolaji Johnson Road Apo, National Assembly Quarters Zone Q Apo Abuja"," ₦ 6,500,000/year "
4 BEDROOM HOUSE FOR RENT,4 Bedroom Terrace Duplex,Close To Nnpc Guzape Abuja," ₦ 6,500,000/year "
4 BEDROOM FLAT / APARTMENT FOR RENT,4 Bedroom Penthouse,Old Ikoyi Lagos," ₦ 25,000,000/year "
4 BEDROOM HOUSE FOR RENT,Exquisite 4 Bedroom Detached Duplex,Osapa London Lekki Lagos," ₦ 5,500,000/year "
4 BEDROOM HOUSE FOR RENT,4 Bedroom Duplex,Oral Estate Lekki Lagos," ₦ 6,000,000/year "
4 BEDROOM HOUSE FOR RENT,4 Bedroom Terraced Duplex,Ikate Lekki Lagos," ₦ 10,000,000/year "
4 BEDROOM HOUSE FOR RENT,Beautiful 4 Bedroom Terrace Duplex With Bq,Lekki Phase 1 Lekki Lagos," ₦ 10,000,000/year "
4 BEDROOM HOUSE FOR RENT,Furnished 4 Bedroom Terrace Duplex,Agungi Lekki Lagos," ₦ 6,000,000/year "
4 BEDROOM HOUSE FOR RENT,Fully Serviced 4 Bedroom Terraced Duplex With Bq,Lekki Phase 1 Lekki Lagos," ₦ 12,000,000/year "
5 BEDROOM HOUSE FOR RENT,5 Bedroom Fully Detached Duplex,Chevron Lekki Lagos," ₦ 10,000,000/year "
4 BEDROOM HOUSE FOR RENT,4 Bedroom Terraced Duplex,Vgc Lekki Lagos," ₦ 4,000,000/year "
4 BEDROOM HOUSE FOR RENT,4 Bedroom Semi Detached Duplex,"Chevron Toll Gate Orchid, Chevron Lekki Lagos"," ₦ 6,500,000/year "
3 BEDROOM FLAT / APARTMENT FOR RENT,4 Bedroom Apartment,Old Ikoyi Ikoyi Lagos," ₦ 14,000,000/year "
3 BEDROOM FLAT / APARTMENT FOR RENT,Premium 3 Bedroom Apartment + Bq,Old Ikoyi Lagos," ₦ 8,000,000/year "
5 BEDROOM HOUSE FOR RENT,5 Bedroom Terraced Duplex,Adeola Odeku Victoria Island Lagos," ₦ 11,500,000/year "
4 BEDROOM HOUSE FOR RENT,Exotic 4 Bedroom Semi Detached Duplex + Bq,Osapa London Lekki Lagos," ₦ 7,000,000/year "
4 BEDROOM HOUSE FOR RENT,4 Bedroom Terrace Duplex,Osapa London Lekki Lagos," ₦ 5,500,000/year "
3 BEDROOM FLAT / APARTMENT FOR RENT,8 Units Of 3 Bedroom Apartment,Banana Island Estate Ikoyi Lagos," ₦ 9,000,000/year "
4 BEDROOM HOUSE FOR RENT,4 Bedroom Apartments + Bq,Ikate Lekki Lagos," ₦ 4,500,000/year "
4 BEDROOM HOUSE FOR RENT,4 Bedroom Terrace Duplex,Orchid Chevron Lekki Lagos," ₦ 4,000,000/year "
1 BEDROOM HOUSE FOR RENT,Single Bedroom Apartment,Osapa London Lekki Lagos," ₦ 2,500,000/year "
4 BEDROOM HOUSE FOR RENT,Exquisite 4 Bedroom Terraced Duplex,Chevron Lekki Lagos," ₦ 4,500,000/year "
2 BEDROOM FLAT / APARTMENT FOR RENT,2 Bedroom Flat,Ijegun Ikotun Igando Lagos," ₦ 1,000,000/year "
4 BEDROOM HOUSE FOR RENT,4 Bedroom Terraces Duplex,Abuja Diplomatic Zone Guzape Abuja," ₦ 8,500,000/year "
4 BEDROOM HOUSE FOR RENT,New 4 Bedroom Terraced Duplex + 1 Room Bq,"Diplomatic Zone, Guzape Abuja"," ₦ 6,000,000/year "
4 BEDROOM HOUSE FOR RENT,4 Bedroom Massionte,Osborne Foreshore Estate Ikoyi Lagos," ₦ 10,000,000/year "
4 BEDROOM HOUSE FOR RENT,4 Bedroom Terraced Duplex,"Ikolaba Gra, Bodija Ibadan Oyo"," ₦ 2,500,000/year "
4 BEDROOM HOUSE FOR RENT,4 Bedroom Terraced Duplex,"Kolapo Ishola Gra, Akobo Ibadan Oyo"," ₦ 3,200,000/year "
3 BEDROOM FLAT / APARTMENT FOR RENT,Ground Floor 3 Bedroom Flat + Bq,Old Ikoyi Lagos," ₦ 13,500,000/year "
2 BEDROOM HOUSE FOR RENT,Magnificent 2 Bedroom Apartments,Ikate Lekki Lagos," ₦ 4,000,000/year "
4 BEDROOM FLAT / APARTMENT FOR RENT,4 Bedroom Apartment,Old Ikoyi Lagos," ₦ 13,000,000/year "
4 BEDROOM HOUSE FOR RENT,Fully Serviced 4 Bedroom Terrace Duplex With Bq,Ikate Lekki Lagos," ₦ 7,000,000/year "
HOUSE FOR RENT,4 Bedroom Fully Detached Duplex With Bq,Chevronview Estate Chevron Lekki Lagos," ₦ 8,000,000/year "
HOUSE FOR RENT,8 Units Of 4 Bedroom Terraced Duplex + Bq,Main Mabushi Abuja," ₦ 30,000,000/year "
4 BEDROOM HOUSE FOR RENT,Fully Serviced 4 Bedroom Terraced Duplex,"Phase 1, Lekki Lagos"," ₦ 10,000,000/year "
HOUSE FOR RENT,2 Bedroom Bungalow,"Aerodrome Estate Gra, Ibadan Oyo"," ₦ 2,000,000/year "
4 BEDROOM HOUSE FOR RENT,Ensuite 4 Bedroom Semi Detached Duplex With Bq,Orchid Chevron Lekki Lagos," ₦ 5,500,000/year "
4 BEDROOM HOUSE FOR RENT,Furnished 4 Bedroom Penthouse,"Phase 1, Lekki Lagos"," ₦ 20,000,000/year "
4 BEDROOM HOUSE FOR RENT,4 Bedroom Semi Detached Duplex,Chevron Lekki Lagos," ₦ 6,000,000/year "
4 BEDROOM HOUSE FOR RENT,4 Bedroom Semi Detached Duplex,Ikate Lekki Lagos," ₦ 8,500,000/year "
3 BEDROOM HOUSE FOR RENT,Furnished 3 Bedroom Apartment,"Off Banana Island Road, Ikoyi Lagos"," ₦ 11,000,000/year "
4 BEDROOM HOUSE FOR RENT,4 Bedroom Semi Detached Duplex,Osapa London Lekki Lagos," ₦ 6,500,000/year "
4 BEDROOM HOUSE FOR RENT,4 Bedroom Semi Detached Duplex For Rent!,Lekki Phase 1 Lekki Lagos," ₦ 10,000,000 "
HOUSE FOR RENT,4 Bedroom Duplex,Jericho Ibadan Oyo," ₦ 2,500,000/year "
COMMERCIAL PROPERTY FOR RENT,1000sqm Commercial Building,Thomas Estate Ajah Lagos," ₦ 3,500,000/year "
4 BEDROOM HOUSE FOR RENT,4 Bedroom Fully Detached Duplex,Katampe Ext Abuja," ₦ 15,000,000 "
4 BEDROOM HOUSE FOR RENT,4 Bedroom Semi Detached Duplex,Lekki County Homes Ikota Lekki Lagos," ₦ 5,500,000/year "
4 BEDROOM HOUSE FOR RENT,4 Bedroom Terraced Duplex,Ikota Lekki Lagos," ₦ 4,000,000/year "
HOUSE FOR RENT,Detached 3 Bedroom Bungalow,"Off Ire Akari Estate, Ajinde, Akala Express Ibadan Oyo"," ₦ 900,000/year "
5 BEDROOM HOUSE FOR RENT,Magnificent 5 Bedroom Detached Duplex,"Off Nike Art Gallery, Phase 1 Lekki Lagos"," ₦ 20,000,000/year "
3 BEDROOM HOUSE FOR RENT,3 Bedroom Apartment,Chevron Lekki Lagos," ₦ 2,800,000/year "
COMMERCIAL PROPERTY FOR RENT,Standard Shop,Kosoko Road Berger Ojodu Lagos," ₦ 1,000,000/year "
2 BEDROOM FLAT / APARTMENT FOR RENT,2 Bedroom Flat,"Peace Estate Aboru, Iyana Ipaja Lagos"," ₦ 700,000/year "
COMMERCIAL PROPERTY FOR RENT,Shop/office Space,Samonda Ibadan Oyo," ₦ 500,000/year "
3 BEDROOM HOUSE FOR RENT,3 Bedroom Apartment,Victoria Island Lagos," ₦ 8,000,000/year "
3 BEDROOM HOUSE FOR RENT,3 Bedroom Apartmen,Ikate Lekki Lagos," ₦ 3,800,000/year "
4 BEDROOM HOUSE FOR RENT,4 Bedroom Terrace Duplex,Ologolo Lekki Lagos," ₦ 8,000,000/year "
4 BEDROOM HOUSE FOR RENT,New 4 Bedroom Terraced Duplex + 1 Room Bq,"Diplomatic Zone, Guzape Abuja"," ₦ 5,000,000/year "
4 BEDROOM HOUSE FOR RENT,4 Bedroom Semi Detached Duplex,Chevron Lekki Lagos," ₦ 4,500,000/year "
4 BEDROOM HOUSE FOR RENT,4 Bedroom Semi Detached Duplex,"Lekki County Homes, Ikota Lekki Lagos"," ₦ 5,000,000/year "
4 BEDROOM HOUSE FOR RENT,4 Bedroom Semi Detached Duplex With Bq,Chevron Lekki Lagos," ₦ 5,000,000/year "
4 BEDROOM HOUSE FOR RENT,Serviced 4 Bedroom Semi Detached Duplex + Bq,Chevron Drive Lekki Lagos Chevron Lekki Lagos," ₦ 5,000,000/year "
4 BEDROOM HOUSE FOR RENT,4 Bedroom Terrace Duplex,Katampe Ext Abuja," ₦ 10,000,000/year "
2 BEDROOM HOUSE FOR RENT,2 Bedroom Apartment,Ikota Lekki Lagos," ₦ 2,500,000/year "
3 BEDROOM HOUSE FOR RENT,3 Bedroom Apartment,Chevron Lekki Lagos," ₦ 4,000,000/year "
9 BEDROOM HOUSE FOR RENT,Brand New 9 Bedroom Mansion,"Diplomatic Zone, Maitama Abuja"," ₦ 60,000,000/year "
1 BEDROOM HOUSE FOR RENT,Furnished 1 Bedroom Flat,Diplomatic Zone Asokoro Abuja," ₦ 5,000,000/year "
3 BEDROOM FLAT / APARTMENT FOR RENT,3 Bedroom Apartment With Bq,Old Ikoyi Ikoyi Lagos," ₦ 8,500,000/year "
4 BEDROOM HOUSE FOR RENT,Furnished 4 Bedroom Terraced Duplex + 1 Room Bq,"Diplomatic Zone, Guzape Abuja"," ₦ 10,000,000/year "
2 BEDROOM HOUSE FOR RENT,4 Units Of 2 Bedroom Block Of Flats,Asokoro Abuja," ₦ 16,000,000/year "
3 BEDROOM HOUSE FOR RENT,3 Bedroom Block Of Flat,Asokoro Abuja," $ 60,000/year "
5 BEDROOM HOUSE FOR RENT,Waterfront 5 Bedroom Detached Duplex,"Chevron Toll Gate, Chevron Lekki Lagos"," ₦ 7,500,000/year "
FLAT / APARTMENT FOR RENT,Studio Apartment,Abule Ijesha Yaba Lagos," ₦ 1,000,000/year "
4 BEDROOM HOUSE FOR RENT,4 Bedroom Fully Detached Duplex,"Chevron Toll Gate, Lekki Lagos"," ₦ 5,500,000/year "
2 BEDROOM HOUSE FOR RENT,2 Bedroom Block Of Flats,Asokoro Abuja," ₦ 8,000,000/year "
4 BEDROOM HOUSE FOR RENT,4 Bedroom Terrace Duplex With Bq,Old Ikoyi Ikoyi Lagos," ₦ 12,000,000/year "
COMMERCIAL PROPERTY FOR RENT,Private 230 Sqm Pent Floor Office Space,Victoria Island Lagos," ₦ 8,050,000/year "
4 BEDROOM HOUSE FOR RENT,4 Bedroom Terrace Duplex,Old Ikoyi Ikoyi Lagos," ₦ 25,000,000/year "
4 BEDROOM HOUSE FOR RENT,4 Bedroom Semi Detached Duplex With Bq,Orchid Chevron Lekki Lagos," ₦ 5,500,000/year "
3 BEDROOM HOUSE FOR RENT,4 Units Of Luxury 3 Bedroom Terraced Duplex + Bq,"Banana Island Estate, Ikoyi Lagos"," ₦ 25,000,000/year "
4 BEDROOM HOUSE FOR RENT,Newly Built 4 Bedroom Terraced Duplex,"Off Meadow Hall Way, Ikate Lekki Lagos"," ₦ 8,500,000/year "
1 BEDROOM FLAT / APARTMENT FOR RENT,Mini Flat,"Chevron Toll Gate, Chevron Lekki Lagos"," ₦ 2,000,000/year "
4 BEDROOM HOUSE FOR RENT,Brand New Spacious Four 4 Bedroom Terrace House,Orchid Lekki Lagos Lekki Phase 2 Lekki Lagos," ₦ 4,000,000/year "
5 BEDROOM HOUSE FOR RENT,5 Bedroom Fully Detached Duplex With Bq,Magodo Kosofe Ikosi Lagos," ₦ 8,000,000/year "
4 BEDROOM HOUSE FOR RENT,4 Bedroom Semidetached Duplex With 2 Room Bq,Lekki Phase 1 Lekki Lagos," ₦ 12,000,000 "
4 BEDROOM HOUSE FOR RENT,A Newly Built 4 Bedroom Duplex,Kolapo Ishola Gra Akobo Ibadan Oyo," ₦ 3,200,000/year "
2 BEDROOM HOUSE FOR RENT,Beautiful Luxury Serviced 2 Bedroom Apartment With Bq,Lekki Phase 1 Lekki Lagos," ₦ 8,000,000 "
5 BEDROOM HOUSE FOR RENT,Beautiful Luxury 5 Bedroom Terrace Duplex With Bq,Victoria Island Lagos," ₦ 12,000,000 "
3 BEDROOM COMMERCIAL PROPERTY FOR RENT,Furnished 3 Bedroom Apartment,Cromwell Court Chevron Lekki Lagos," ₦ 5,500,000/year "
4 BEDROOM COMMERCIAL PROPERTY FOR RENT,New 4 Bedroom Semi Detached Duplex With Bq,Chevron Alternative Drive Chevron Lekki Lagos," ₦ 5,000,000/year "
3 BEDROOM FLAT / APARTMENT FOR RENT,Furnished 3 Bedroom Flat,Megamound Estate Ikota Lekki Lagos," ₦ 4,000,000/year "
4 BEDROOM HOUSE FOR RENT,Tastefully Finished 4 Bedroom Terraced Duplex,"Greenwood Terraces, Ibrahim Odofin Agungi Lekki Lagos"," ₦ 5,000,000/year "
3 BEDROOM FLAT / APARTMENT FOR RENT,Serviced 3 Bedroom Flat,Primewater Gardens Ikate Lekki Lagos," ₦ 4,000,000/year "
3 BEDROOM HOUSE FOR RENT,Newly Built 3 Bedroom Terrace Duplex,Victoria Nest Estate Vgc Lekki Lagos," ₦ 4,000,000/year "
4 BEDROOM HOUSE FOR RENT,Newly Built 4 Bedroom Terraced Duplex,Victoria Nest Estate Vgc Lekki Lagos," ₦ 4,500,000/year "
1 BEDROOM FLAT / APARTMENT FOR RENT,Newly Built 1 Bedroom Apartment,"Yesufu Abiodun, Oniru Victoria Island Lagos"," ₦ 3,500,000/year "
4 BEDROOM HOUSE FOR RENT,4 Bedroom Semi Detached Duplex + 1 Room Bq,"Crest Villa End Estate, Ologolo Lekki Lagos"," ₦ 6,000,000/year "
3 BEDROOM FLAT / APARTMENT FOR RENT,Serviced 3 Bedroom Flat With Bq,Rainbow Drive Oregun Ikeja Lagos," ₦ 4,500,000/year "
2 BEDROOM FLAT / APARTMENT FOR RENT,2 Bedroom Apartment,Sterling Cooperative (greenbay Estate) Ikota Lekki Lagos," ₦ 2,800,000/year "
3 BEDROOM FLAT / APARTMENT FOR RENT,Exclusive 3 Bedroom Apartment,Abijo Gra Abijo Ajah Lagos," ₦ 1,500,000/year "
4 BEDROOM HOUSE FOR RENT,A Nice 4 Bedroom Duplex,Agala Estate Agodi Ibadan Oyo," ₦ 2,500,000/year "
3 BEDROOM FLAT / APARTMENT FOR RENT,A Nice 3 Bedroom Flat With Aircons,Kolapo Ishola Gra Akobo Ibadan Oyo," ₦ 2,000,000/year "
4 BEDROOM HOUSE FOR RENT,Luxury 4 Bedroom Terraced Duplex + Bq,Old Ikoyi Ikoyi Lagos," ₦ 17,000,000/year "
1 BEDROOM FLAT / APARTMENT FOR RENT,1 Ensuite Room In A Shared Apartment,"Van Daniels Estate Orchid, Chevron Lekki Lagos"," ₦ 900,000/year "
4 BEDROOM HOUSE FOR RENT,Luxury 4 Bedroom Terraced Duplex + Bq,Chevron Lekki Lagos," ₦ 5,000,000/year "
4 BEDROOM HOUSE FOR RENT,4 Bedroom Terrace Duplex,Chevron Lekki Lagos," ₦ 4,000,000/year "
4 BEDROOM HOUSE FOR RENT,4 Bedroom Terrace Duplex,Chevron Lekki Lagos," ₦ 4,500,000/year "
4 BEDROOM HOUSE FOR RENT,4 Bedroom Terrace Duplex,Chevron Lekki Lagos," ₦ 4,000,000/year "
4 BEDROOM HOUSE FOR RENT,Serviced 4 Bedroom Penthouse,Ikate Lekki Lagos," ₦ 8,000,000/year "
4 BEDROOM HOUSE FOR RENT,4 Bedroom Massionette,Ikate Lekki Lagos," ₦ 8,500,000/year "
2 BEDROOM HOUSE FOR RENT,2 Bedroom Apartment,Ikate Lekki Lagos," ₦ 6,000,000/year "
5 BEDROOM HOUSE FOR RENT,Luxury 5 Bedroom Detached Duplex + Bq,Osapa London Lekki Lagos," ₦ 9,500,000/year "
2 BEDROOM HOUSE FOR RENT,2 Bedroom Apartment,Lekki Lagos," ₦ 7,000,000/year "
4 BEDROOM HOUSE FOR RENT,4 Bedroom Semi Detached Duplex With Bq,Toll Gate Orchid Road Chevron Lekki Lagos," ₦ 4,000,000/year "
4 BEDROOM HOUSE FOR RENT,4 Bedroom Semi Detached Duplex + Bq,Osapa London Lekki Lagos," ₦ 6,500,000/year "
4 BEDROOM HOUSE FOR RENT,Luxury 4 Bedroom Terraced Duplex,"Chevron Toll Gate, Chevron Lekki Lagos"," ₦ 3,800,000/year "
5 BEDROOM HOUSE FOR RENT,Luxury 5 Bedroom Detached Duplex + Bq,"Chevron Toll Gate, Chevron Lekki Lagos"," ₦ 12,000,000/year "
4 BEDROOM HOUSE FOR RENT,Serviced 4 Bedroom Terraced Duplex,"Chevron Toll Gate Orchid Road, Chevron Lekki Lagos"," ₦ 4,000,000/year "
2 BEDROOM HOUSE FOR RENT,Contemporary 2 Bedroom Apartment,Oniru Victoria Island Lagos," ₦ 8,000,000/year "
5 BEDROOM HOUSE FOR RENT,5 Bedroom Detached Duplex With Bq,Lekki Phase 1 Lekki Lagos," ₦ 25,000,000/year "
2 BEDROOM HOUSE FOR RENT,Serviced 2 Bedroom Apartment,Ikate Lekki Lagos," ₦ 4,000,000/year "
4 BEDROOM HOUSE FOR RENT,Luxury 4 Bedroom Maisonette + Bq,Parkview Estate Ikoyi Lagos," ₦ 14,000,000/year "
3 BEDROOM HOUSE FOR RENT,Luxury 3 Bedroom Terraced Duplex,"Chevron Toll Gate, Orchid Road, Chevron Lekki Lagos"," ₦ 3,500,000/year "
COMMERCIAL PROPERTY FOR RENT,Hotel Space,Egbeda Alimosho Lagos," ₦ 4,500,000/year "
4 BEDROOM HOUSE FOR RENT,4 Bedroom Terrace Duplex,Ologolo Lekki Lagos," ₦ 8,000,000/year "
4 BEDROOM HOUSE FOR RENT,4 Bedroom Fully Detached Duplex,Ilaje Ajah Lagos," ₦ 3,500,000/year "
4 BEDROOM HOUSE FOR RENT,Spacious 4 Bedroom Detached Duplex,"Lekki Palm City Estate, Ado Ajah Lagos"," ₦ 4,200,000/year "
4 BEDROOM HOUSE FOR RENT,Luxury 4 Bedroom Semi Detached Duplex + Bq,"Lekki County Homes, Ikota Lekki Lagos"," ₦ 5,500,000/year "
2 BEDROOM FLAT / APARTMENT FOR RENT,Serviced 2 Bedroom Apartment,Ikate Lekki Lagos," ₦ 3,000,000/year "
4 BEDROOM HOUSE FOR RENT,Luxury 4 Bedroom Semi Detached Duplex + Bq,Ikota Lekki Lagos," ₦ 5,000,000/year "
5 BEDROOM HOUSE FOR RENT,Luxury 5 Bedroom Semi Detached Duplex + Bq,Ikate Lekki Lagos," ₦ 10,000,000/year "
4 BEDROOM HOUSE FOR RENT,Luxury 4 Bedroom Semi Detached Duplex,"Chevron Toll Gate, Lekki Lagos"," ₦ 6,000,000/year "
4 BEDROOM HOUSE FOR RENT,Serviced 4 Bedroom Terraced Duplex,Ikota Lekki Lagos," ₦ 3,500,000/year "
1 BEDROOM FLAT / APARTMENT FOR RENT,Studio Apartment,"Villa Estate, Ikota Lekki Lagos"," ₦ 1,000,000/year "
4 BEDROOM HOUSE FOR RENT,Luxury 4 Bedroom Detached Duplex + Bq,"Chevron Toll Gate, Chevron Lekki Lagos"," ₦ 8,500,000/year "
2 BEDROOM HOUSE FOR RENT,Serviced 2 Bedroom Apartment,Ologolo Lekki Lagos," ₦ 3,000,000/year "
2 BEDROOM FLAT / APARTMENT FOR RENT,Newly Built 2 Bedroom Apartment,Itedo Lekki Phase 1 Lekki Lagos," ₦ 7,000,000/year "
4 BEDROOM HOUSE FOR RENT,4 Bedroom Terrace Duplex,Toll Gate Orchid Road Chevron Lekki Lagos," ₦ 3,800,000/year "
2 BEDROOM HOUSE FOR RENT,Luxury 2 Bedroom Terraced Duplex,"Chevron Toll Gate Orchid Road, Chevron Lekki Lagos"," ₦ 3,000,000/year "
4 BEDROOM HOUSE FOR RENT,Luxury 4 Bedroom Terraced Duplex,"Chevron Toll Gate Orchid Road, Chevron Lekki Lagos"," ₦ 4,000,000/year "
4 BEDROOM HOUSE FOR RENT,Furnished 4 Bedroom Semi Detached Duplex + Bq,Chevron Lekki Lagos," ₦ 7,000,000/year "
4 BEDROOM HOUSE FOR RENT,4 Bedroom Terrace Duplex,Chevron Lekki Lagos," ₦ 4,500,000/year "
4 BEDROOM HOUSE FOR RENT,Luxury 4 Bedroom Maisonette + Bq,"Phase 1, Lekki Lagos"," ₦ 10,000,000/year "
4 BEDROOM HOUSE FOR RENT,New 4 Bedroom Terrace Duplex,Ologolo Lekki Lagos," ₦ 7,500,000/year "
4 BEDROOM HOUSE FOR RENT,4 Bedroom Detached Duplex,Chevron Lekki Lagos," ₦ 5,500,000/year "
4 BEDROOM HOUSE FOR RENT,4 Bedroom Terrace Duplex,Ikate Lekki Lagos," ₦ 8,500,000/year "
3 BEDROOM HOUSE FOR RENT,Partly Furnished 3 Bedroom Apartment,Osborne Foreshore Estate Ikoyi Lagos," ₦ 12,000,000/year "
3 BEDROOM FLAT / APARTMENT FOR RENT,3 Bedroom Apartment,Banana Island Ikoyi Lagos," ₦ 16,000,000/year "
3 BEDROOM FLAT / APARTMENT FOR RENT,3 Bedroom Apartment,Oniru Victoria Island Lagos," ₦ 7,000,000/year "
5 BEDROOM HOUSE FOR RENT,Luxury 5 Bedroom Detached Duplex + Bq,"Chevron Toll Gate Orchid Road, Lekki Lagos"," ₦ 7,000,000/year "
5 BEDROOM HOUSE FOR RENT,5 Bedroom Detached Duplex,Chevron Lekki Lagos," ₦ 10,000,000/year "
4 BEDROOM HOUSE FOR RENT,4 Bedroom Terrace Duplex,Chevron Lekki Lagos," ₦ 3,800,000/year "
4 BEDROOM HOUSE FOR RENT,Luxury 4 Bedroom Terraced Duplex,"Chevron Toll Gate, Chevron Lekki Lagos"," ₦ 4,500,000/year "
5 BEDROOM HOUSE FOR RENT,Luxury 5 Bedroom Terraced Duplex,Victoria Island Lagos," ₦ 11,500,000/year "
3 BEDROOM HOUSE FOR RENT,Beautiful 3 Bedroom Apartment,Ikate Lekki Lagos," ₦ 4,000,000/year "
3 BEDROOM HOUSE FOR RENT,3 Bedroom Apartment,Ikoyi Lagos," ₦ 14,000,000/year "
4 BEDROOM HOUSE FOR RENT,4 Bedroom Semi Detached Duplex With Bq,Osapa London Lekki Lagos," ₦ 6,500,000/year "
4 BEDROOM HOUSE FOR RENT,Luxury 4 Bedroom Semi Detached Duplex + Bq,"Chevron Toll Gate, Lekki Lagos"," ₦ 5,000,000/year "
3 BEDROOM HOUSE FOR RENT,Serviced 3 Bedroom Apartment,Victoria Island Lagos," ₦ 15,000,000/year "
4 BEDROOM HOUSE FOR RENT,Serviced 4 Bedroom Terrace Duplex,Ikate Lekki Lagos," ₦ 7,500,000/year "
4 BEDROOM HOUSE FOR RENT,Beautiful 4 Bedroom Semi Detached Duplex,"Chevron Toll Gate, Lekki Lagos"," ₦ 6,000,000/year "
