,Description,House_Type,Location,Price
0,5 BEDROOM HOUSE FOR RENT,5 Bedroom Semi Detached Duplex,Banana Island Ikoyi Lagos," ₦ 30,000,000/year "
1,4 BEDROOM HOUSE FOR RENT,4 Bedroom Terrace Duplex,Lekki Lagos," ₦ 9,500,000/year "
2,4 BEDROOM HOUSE FOR RENT,Serviced 4 Bedroom Terraced Duplex,Old Ikoyi Lagos," ₦ 20,000,000/year "
3,2 BEDROOM HOUSE FOR RENT,2 Bedroom Apartment,Ikate Lekki Lagos," ₦ 5,000,000/year "
4,COMMERCIAL PROPERTY FOR RENT,1 Room Office Space,"Liberty Road, Ibadan Oyo"," ₦ 400,000/year "
5,COMMERCIAL PROPERTY FOR RENT,Shop,"Phase 1, Lekki Lagos"," ₦ 5,500,000/year "
6,4 BEDROOM HOUSE FOR RENT,Luxury 4 Bedroom Semi Detached Duplex With Bq,Lekki Phase 1 Lekki Lagos," ₦ 12,000,000/year "
7,4 BEDROOM HOUSE FOR RENT,Luxury 4 Bedroom Penthouse,Victoria Island Lagos," ₦ 30,000,000/year "
8,5 BEDROOM HOUSE FOR RENT,Self Serviced 5 Bedroom Fully Detached Duplex With Bq,Lekki County Ikota Lekki Lagos," ₦ 7,000,000/year "
9,10 BEDROOM HOUSE FOR RENT,Brand New 10 Bedroom Mansion With 2 Room Bq,Diplomatic Zone Asokoro Abuja," ₦ 50,000,000/year "
10,2 BEDROOM HOUSE FOR RENT,2 Bedroom Apartment,Ajah Lagos," ₦ 2,000,000/year "
11,4 BEDROOM HOUSE FOR RENT,4 Bedroom Detached Duplex,"Chevron Toll Gate, Chevron Lekki Lagos"," ₦ 4,500,000/year "
12,5 BEDROOM HOUSE FOR RENT,5 Bedroom Semi Detached Duplex + Bq,"American International School, Durumi Abuja"," ₦ 10,000,000/year "
13,1 BEDROOM HOUSE FOR RENT,Studio Apartment,Ikate Lekki Lagos," ₦ 2,000,000/year "
14,5 BEDROOM HOUSE FOR RENT,5 Bedroom Detached Duplex,Chevron Lekki Lagos," ₦ 7,000,000/year "
15,3 BEDROOM HOUSE FOR RENT,Fully Furnished 3 Bedroom Apartment,"Banana Island Road, Ikoyi Lagos"," ₦ 11,000,000/year "
16,2 BEDROOM FLAT / APARTMENT FOR RENT,2 Bedroom Flat,Ikotun Igando Lagos," ₦ 800,000/year "
17,4 BEDROOM HOUSE FOR RENT,Under Renovation 4 Bedroom Semi Detached Duplex,"Naf Valley Estate, Asokoro Abuja"," ₦ 7,500,000/year "
18,2 BEDROOM HOUSE FOR RENT,2 Bedroom Apartment,Ilasan Ikate Lekki Lagos," ₦ 3,500,000/year "
19,3 BEDROOM FLAT / APARTMENT FOR RENT,Fully Serviced 3 Bedroom Apartment,Chevron Drive Lekki Lagos," ₦ 3,750,000/year "
20,4 BEDROOM HOUSE FOR RENT,4 Bedroom Semi Detached Duplex,Osapa London Lekki Lagos," ₦ 20,000,000/year "
21,5 BEDROOM HOUSE FOR RENT,Exquisite 5 Bedroom Detached Duplex,"Naf Valley Estate, Asokoro Abuja"," ₦ 30,000,000/year "
22,5 BEDROOM HOUSE FOR RENT,5 Bedroom Detached Duplex,Chevron Lekki Lagos," ₦ 7,000,000/year "
23,2 BEDROOM FLAT / APARTMENT FOR RENT,Furnished 2 Bedroom Apartment,Chevron Lekki Lagos," ₦ 5,000,000/year "
24,3 BEDROOM HOUSE FOR RENT,Serviced 3 Bedroom Apartment With Bq,Close To Nnpc Guzape Abuja," ₦ 4,500,000/year "
25,4 BEDROOM HOUSE FOR RENT,Beautiful 4 Bedroom Terraced Duplex,Osapa London Lekki Lagos," ₦ 6,000,000/year "
26,5 BEDROOM HOUSE FOR RENT,Brand New 5 Bedroom Mansion,Naf Valley Estate Asokoro Abuja Diplomatic Zone Asokoro Abuja," ₦ 17,000,000/year "
27,5 BEDROOM HOUSE FOR RENT,5 Bedroom Detached Duplex,Ikate Lekki Lagos," ₦ 13,000,000/year "
28,4 BEDROOM HOUSE FOR RENT,4 Bedroom Terraced Duplex,Lekki Lagos," ₦ 10,000,000/year "
29,2 BEDROOM HOUSE FOR RENT,2 Bedroom Apartment,Main Maitama Abuja," ₦ 3,500,000/year "
30,3 BEDROOM HOUSE FOR RENT,3 Bedroom Flat,Ademola Adetokunbo Victoria Island Lagos," ₦ 15,000,000/year "
31,5 BEDROOM HOUSE FOR RENT,5 Bedroom Detached Duplex,"Phase 1, Lekki Lagos"," ₦ 25,000,000/year "
32,4 BEDROOM FLAT / APARTMENT FOR RENT,Luxury 4 Bedroom Apartment + Bq,Old Ikoyi Lagos," ₦ 11,000,000/year "
33,4 BEDROOM HOUSE FOR RENT,4 Bedroom Semi Detached Duplex With Bq,Osborne Foreshore Estate Ikoyi Lagos," ₦ 12,500,000/year "
34,3 BEDROOM HOUSE FOR RENT,3 Bedroom Apartment,Oniru Victoria Island Lagos," ₦ 8,000,000/year "
35,4 BEDROOM HOUSE FOR RENT,Fully Serviced 4 Bedroom Terrace Duplex,Orchid Chevron Lekki Lagos," ₦ 4,000,000/year "
36,2 BEDROOM HOUSE FOR RENT,2 Bedroom Flat,Gilmore Jahi Abuja," ₦ 4,000,000/year "
37,2 BEDROOM FLAT / APARTMENT FOR RENT,2 Bedroom Flat,"Ekoro Road, Meiran Abule Egba Lagos"," ₦ 700,000/year "
38,2 BEDROOM FLAT / APARTMENT FOR RENT,Newly Built 2 Bedroom Flat,Ikolaba Gra Bodija Ibadan Oyo," ₦ 1,200,000/year "
39,3 BEDROOM HOUSE FOR RENT,3 Bedroom Apartment,Ikate Lekki Lagos," ₦ 6,500,000/year "
40,5 BEDROOM HOUSE FOR RENT,5 Bedroom Detached Duplex,Chevron Lekki Lagos," ₦ 10,000,000/year "
41,4 BEDROOM FLAT / APARTMENT FOR RENT,4 Bedroom Apartment With Bq,Old Ikoyi Ikoyi Lagos," ₦ 12,000,000/year "
42,4 BEDROOM FLAT / APARTMENT FOR RENT,Luxury 4 Bedroom Penthouse,Ikate Lekki Lagos," ₦ 8,000,000/year "
43,4 BEDROOM HOUSE FOR RENT,4 Bedroom Terraced Duplex,Ologolo Lekki Lagos," ₦ 7,000,000/year "
44,1 BEDROOM FLAT / APARTMENT FOR RENT,Room Self Contained,Bodija Ibadan Oyo," ₦ 300,000/year "
45,4 BEDROOM HOUSE FOR RENT,4 Bedroom Semi Detached Duplex,Chevron Lekki Lagos," ₦ 5,500,000/year "
46,4 BEDROOM HOUSE FOR RENT,Brand New 4 Bedroom Terrace Duplex,Extention Abuja Diplomatic Zone Katampe Ext Abuja," ₦ 10,000,000/year "
47,4 BEDROOM HOUSE FOR RENT,Beautiful 4 Bedroom Terraced Duplex,Vgc Lekki Lagos," ₦ 4,000,000/year "
48,4 BEDROOM HOUSE FOR RENT,Serviced 4 Bedroom Maisonette + Gym & Pool,Ikoyi Lagos," ₦ 14,000,000/year "
49,4 BEDROOM HOUSE FOR RENT,Newly Built 4 Bedroom Semi Detached Duplex With Bq,By Ebanor Super Market Oniru Victoria Island Lagos," ₦ 10,000,000/year "
50,2 BEDROOM HOUSE FOR RENT,2 Bedroom Block Of Flats,Asokoro Abuja," ₦ 6,500,000/year "
51,4 BEDROOM HOUSE FOR RENT,Well Renovated 4 Bedroom Semi Detached Duplex,Extention Abuja Diplomatic Zone Katampe Ext Abuja," ₦ 15,000,000/year "
52,1 BEDROOM FLAT / APARTMENT FOR RENT,Room And Parlor,Ikolaba Gra Bodija Ibadan Oyo," ₦ 700,000/year "
53,4 BEDROOM HOUSE FOR RENT,4 Bedroom Fully Detached Duplex With Bq,Off Conservation Road Chevron Lekki Lagos," ₦ 7,000,000/year "
54,4 BEDROOM HOUSE FOR RENT,Massive 4 Bedroom Terraced Duplex,Chevron Lekki Lagos," ₦ 4,500,000/year "
55,2 BEDROOM HOUSE FOR RENT,2 Bedroom Apartment,"Phase 1, Lekki Lagos"," ₦ 8,000,000/year "
56,5 BEDROOM HOUSE FOR RENT,Exotic 5 Bedroom Detached Duplex + Bq,Ajah Lagos," ₦ 5,500,000/year "
57,4 BEDROOM HOUSE FOR RENT,4 Bedroom Terraced Duplex,Kobiowu Crescents Iyanganku Ibadan Oyo," ₦ 4,000,000/year "
58,4 BEDROOM FLAT / APARTMENT FOR RENT,Waterview 4 Bedroom Apartment,Old Ikoyi Ikoyi Lagos," ₦ 16,000,000/year "
59,4 BEDROOM FLAT / APARTMENT FOR RENT,3 Bedroom Apartment,Off Banana Island Road Ikoyi Lagos," ₦ 12,000,000/year "
60,3 BEDROOM FLAT / APARTMENT FOR RENT,Luxury 3 Bedroom Apartment With Bq,Old Ikoyi Ikoyi Lagos," ₦ 13,000,000/year "
61,4 BEDROOM HOUSE FOR RENT,Beautiful 4 Bedroom Semi Detached Duplex,Orchid Chevron Lekki Lagos," ₦ 4,500,000/year "
62,4 BEDROOM HOUSE FOR RENT,Exotic 4 Bedroom Terraced Duplex,Orchid Chevron Lekki Lagos," ₦ 4,000,000/year "
63,4 BEDROOM HOUSE FOR RENT,4 Bedroom Terraced Duplex,Orchid Chevron Lekki Lagos," ₦ 4,500,000/year "
64,4 BEDROOM HOUSE FOR RENT,4 Bedroom Semi Detached Duplex,"Chevron Toll Gate, Lekki Lagos"," ₦ 6,000,000/year "
65,4 BEDROOM HOUSE FOR RENT,Serviced 4 Bedroom Semi Detached Duplex With Bq,Orchid Chevron Lekki Lagos," ₦ 5,500,000/year "
66,4 BEDROOM HOUSE FOR RENT,Aesthetic 4 Bedroom Semi Detached Duplex + Bq,"Orchid, Chevron Lekki Lagos"," ₦ 4,000,000/year "
67,4 BEDROOM HOUSE FOR RENT,Ensuite 4 Bedroom Terrace Duplex,Orchid Chevron Lekki Lagos," ₦ 4,000,000/year "
68,3 BEDROOM FLAT / APARTMENT FOR RENT,6 Units Of 3 Bedroom Apartment,Old Ikoyi Lagos," ₦ 8,000,000/year "
69,4 BEDROOM HOUSE FOR RENT,4 Bedroom Terraced Duplex,Ikota Lekki Lagos," ₦ 4,000,000/year "
70,4 BEDROOM HOUSE FOR RENT,4 Bedroom Semi Detached Duplex,Osapa London Lekki Lagos," ₦ 6,500,000/year "
71,4 BEDROOM HOUSE FOR RENT,4 Bedroom Terraced Duplexes,"Orchid, Chevron Lekki Lagos"," ₦ 5,000,000/year "
72,4 BEDROOM HOUSE FOR RENT,4 Bedroom Semi Detached Duplex + Bq,Ajah Lagos," ₦ 5,000,000/year "
73,4 BEDROOM HOUSE FOR RENT,4 Bedroom Semi Detached Duplex,Ikota Lekki Lagos," ₦ 4,300,000/year "
74,4 BEDROOM HOUSE FOR RENT,Suitable For Commercial 4 Bed Semi Detached Duplex + Bq,Chevron Lekki Lagos," ₦ 6,000,000/year "
75,4 BEDROOM HOUSE FOR RENT,Beautiful 4 Bedroom Semi Detached Duplex,Orchid Chevron Lekki Lagos," ₦ 4,000,000/year "
76,3 BEDROOM HOUSE FOR RENT,3 Bedroom Apartment,Oniru Victoria Island Lagos," ₦ 9,000,000/year "
77,4 BEDROOM HOUSE FOR RENT,Luxury 4 Bedroom Terrace Duplex,Old Ikoyi Ikoyi Lagos," ₦ 18,000,000/year "
78,4 BEDROOM HOUSE FOR RENT,Serviced 4 Bedroom Terraced Duplex,Orchid Chevron Lekki Lagos," ₦ 4,000,000/year "
79,4 BEDROOM FLAT / APARTMENT FOR RENT,Luxury 4 Bedroom Apartment,Old Ikoyi Ikoyi Lagos," ₦ 16,000,000/year "
80,4 BEDROOM HOUSE FOR RENT,4 Bedroom Terrace Duplex,Close To Coza Guzape Abuja," ₦ 4,500,000/year "
81,2 BEDROOM HOUSE FOR RENT,Serviced 2 Bedroom Flat With Bq,Wuse 2 Abuja," ₦ 7,000,000/year "
82,4 BEDROOM HOUSE FOR RENT,4 Bedroom Semi Detached Duplex,Old Ikoyi Lagos," ₦ 20,000,000/year "
83,2 BEDROOM FLAT / APARTMENT FOR RENT,2 Bedroom Flat,"Kolapo Ishola Gra, Akobo Ibadan Oyo"," ₦ 1,200,000/year "
84,4 BEDROOM HOUSE FOR RENT,Fully Serviced 4 Bedroom Terrace Duplex,Orchid Chevron Lekki Lagos," ₦ 4,000,000/year "
85,FLAT / APARTMENT FOR RENT,Mini Flat,Iwaya Onike Bariga Lagos," ₦ 750,000/year "
86,3 BEDROOM HOUSE FOR RENT,3 Bedroom Flat,Gilmore Jahi Abuja," ₦ 6,000,000/year "
87,5 BEDROOM HOUSE FOR RENT,5 Bedroom Fully Detached Duplex,Chevron Lekki Lagos," ₦ 10,000,000/year "
88,3 BEDROOM HOUSE FOR RENT,3 Bedroom Bungalow,Abuja Diplomatic Zone Asokoro Abuja," ₦ 8,500,000/year "
89,4 BEDROOM HOUSE FOR RENT,4 Bedroom Terraced Duplex,Banana Island Ikoyi Lagos," ₦ 22,000,000/year "
90,4 BEDROOM HOUSE FOR RENT,Luxury 4 Bedroom Terrace Duplex,Old Ikoyi Ikoyi Lagos," ₦ 13,000,000/year "
91,4 BEDROOM HOUSE FOR RENT,Exotic 4 Bedroom Terraced Duplex + Bq,"Orchid, Chevron Lekki Lagos"," ₦ 3,500,000/year "
92,4 BEDROOM HOUSE FOR RENT,4 Bedroom Terrace Duplex With Bq,Life Camp Abuja," ₦ 7,000,000 "
93,4 BEDROOM HOUSE FOR RENT,Luxury 4 Bedroom Detached Duplex,Old Ikoyi Lagos," ₦ 17,000,000/year "
94,3 BEDROOM FLAT / APARTMENT FOR RENT,Luxury 4 Bedroom Apartment +bq,Old Ikoyi Old Ikoyi Ikoyi Lagos," ₦ 16,000,000/year "
95,CO WORKING SPACE FOR RENT,Office Space,"Gastab, New Garage, Ibadan Oyo"," ₦ 1,000,000/year "
96,6 BEDROOM HOUSE FOR RENT,6 Bedroom Duplex,Osapa London Lekki Lagos," ₦ 9,500,000/year "
97,4 BEDROOM HOUSE FOR RENT,Fully Serviced 4 Bedroom Semi Detached Duplex With Bq,Orchid Chevron Lekki Lagos," ₦ 5,000,000/year "
98,4 BEDROOM HOUSE FOR RENT,Serviced 4 Bedroom Semi Detached Duplex + Bq,Igbo Efon Lekki Lagos," ₦ 5,500,000/year "
99,4 BEDROOM HOUSE FOR RENT,4 Bedroom Terraced Duplex,Lekki Lagos," ₦ 12,000,000/year "
100,4 BEDROOM HOUSE FOR RENT,4 Bedroom Semi Detached Duplex,Chevron Lekki Lagos," ₦ 7,000,000/year "
101,4 BEDROOM HOUSE FOR RENT,Exotic 4 Bedroom Maisonette,"Admiralty Way, Phase 1 Lekki Lagos"," ₦ 10,000,000/year "
102,4 BEDROOM HOUSE FOR RENT,Exotic 4 Bedroom Detached Duplex + Bq L,Osapa London Lekki Lagos," ₦ 5,500,000/year "
103,5 BEDROOM HOUSE FOR RENT,5 Bedroom Fully Detached Duplex With Bq,Orchid Chevron Lekki Lagos," ₦ 8,000,000 "
104,4 BEDROOM HOUSE FOR RENT,Beautiful 4 Bedroom Semi Detached Duplex,Orchid Chevron Lekki Lagos," ₦ 6,000,000/year "
105,4 BEDROOM HOUSE FOR RENT,4 Bedroom Terraced Duplex,"Phase 1, Lekki Lagos"," ₦ 10,000,000/year "
106,4 BEDROOM HOUSE FOR RENT,4 Bedroom Semi Detached Duplex,Chevron Lekki Lagos," ₦ 6,500,000/year "
107,4 BEDROOM HOUSE FOR RENT,4 Bedroom Fully Detached Duplex,Chevron Lekki Lagos," ₦ 8,000,000/year "
108,4 BEDROOM HOUSE FOR RENT,4 Bedroom Semi Detached Duplex,Idado Lekki Lagos," ₦ 5,500,000/year "
109,5 BEDROOM HOUSE FOR RENT,5 Bedroom Detached Duplex,"Lekki Right, Lekki Lagos"," ₦ 20,000,000/year "
110,3 BEDROOM HOUSE FOR RENT,3 Bedroom Apartment,Lekki Lagos," ₦ 8,500,000/year "
111,4 BEDROOM HOUSE FOR RENT,4 Bedroom Terrace Duplex With Bq,Ikate Lekki Lagos," ₦ 8,500,000/year "
112,5 BEDROOM HOUSE FOR RENT,5 Bedroom Fully Detached Duplex,Idado Lekki Lagos," ₦ 5,500,000/year "
113,3 BEDROOM HOUSE FOR RENT,3 Bedroom Penthouse,Old Ikoyi Ikoyi Lagos," ₦ 16,000,000/year "
114,4 BEDROOM HOUSE FOR RENT,4 Bedroom Detached Duplex With Bq,Old Ikoyi Ikoyi Lagos," ₦ 16,000,000/year "
115,4 BEDROOM FLAT / APARTMENT FOR RENT,Luxury 4 Bedroom Penthouse + Bq,Banana Island Estate Banana Island Ikoyi Lagos," ₦ 25,000,000/year "
116,4 BEDROOM HOUSE FOR RENT,Luxury 4 Bedroom Terraced Duplex + Bq,Old Ikoyi Lagos," ₦ 25,000,000/year "
117,5 BEDROOM HOUSE FOR RENT,5 Bedroom Semi Detached Duplex,Katampe Ext Abuja," ₦ 25,000,000/year "
118,7 BEDROOM HOUSE FOR RENT,7 Bedroom Mansion,"Diplomatic Zone, Maitama Abuja"," ₦ 70,000,000/year "
119,4 BEDROOM HOUSE FOR RENT,4 Bedroom Semi Detached Duplex,"Naf Valley Estate, Diplomatic Zone, Asokoro Abuja"," ₦ 8,000,000/year "
120,4 BEDROOM HOUSE FOR RENT,Newly Built 4 Bedroom Terrace Duplex,Old Ikoyi Ikoyi Lagos," ₦ 16,000,000/year "
121,4 BEDROOM HOUSE FOR RENT,Serviced 4 Bedroom Terraced Duplex,Orchid Chevron Lekki Lagos," ₦ 4,500,000/year "
122,4 BEDROOM HOUSE FOR RENT,4 Bedroom Terrace Duplex,Lekki Lagos," ₦ 8,000,000/year "
123,4 BEDROOM HOUSE FOR RENT,New 4 Bedroom Terraced Duplex + 1 Room Bq,"Diplomatic Zone, Guzape Abuja"," ₦ 8,000,000/year "
124,1 BEDROOM FLAT / APARTMENT FOR RENT,Newly Built Mini Flat,Oniru Victoria Island Lagos," ₦ 5,500,000/year "
125,4 BEDROOM HOUSE FOR RENT,4 Bedroom Fully Detached Duplex,Yakoyo Ojodu Lagos," ₦ 3,500,000/year "
126,5 BEDROOM HOUSE FOR RENT,Furnished 5 Bedroom Detached Duplex,Chevron Lekki Lagos," ₦ 10,000,000/year "
127,2 BEDROOM HOUSE FOR RENT,2 Bedroom Apartment,Ligali Ayorinde Victoria Island Lagos," ₦ 8,000,000/year "
128,6 BEDROOM HOUSE FOR RENT,6 Bedroom Mansion,Diplomatic Zone Asokoro Abuja," ₦ 40,000,000/year "
129,4 BEDROOM HOUSE FOR RENT,4 Bedroom Semi Detached Duplex + Pool,Banana Island Ikoyi Lagos," ₦ 30,000,000/year "
130,4 BEDROOM HOUSE FOR RENT,4 Bedroom Detached Duplex,Orchid Chevron Lekki Lagos," ₦ 8,000,000/year "
131,2 BEDROOM HOUSE FOR RENT,Beautiful 2 Bedroom Apartment,Ikate Lekki Lagos," ₦ 3,500,000/year "
132,5 BEDROOM HOUSE FOR RENT,5 Bedroom Detached Duplex,Ikate Lekki Lagos," ₦ 13,000,000/year "
133,4 BEDROOM HOUSE FOR RENT,New 4 Bedroom Semi Detached Duplex,Chevron Lekki Lagos," ₦ 5,000,000/year "
134,2 BEDROOM FLAT / APARTMENT FOR RENT,2 Bedroom Apartment,Bay Nest Megamound Extension Mobil Road Lekki Phase 2 Lekki Lagos," ₦ 2,800,000/year "
135,4 BEDROOM HOUSE FOR RENT,4 Bedroom Terrace Duplex,Old Ikoyi Ikoyi Lagos," ₦ 18,000,000/year "
136,3 BEDROOM FLAT / APARTMENT FOR RENT,3 Bedroom Apartment,Banana Island Ikoyi Lagos," ₦ 14,550,000/year "
137,4 BEDROOM FLAT / APARTMENT FOR RENT,4 Bedroom Apartment+ Bq,"Banana Island Road, Ikoyi Lagos"," ₦ 15,000,000/year "
138,4 BEDROOM FLAT / APARTMENT FOR RENT,4 Bedroom Apartment With Bq,Old Ikoyi Ikoyi Lagos," $ 125,000/year "
139,3 BEDROOM FLAT / APARTMENT FOR RENT,3 Bedroom Flat,Gowon Estate Egbeda Alimosho Lagos," ₦ 2,000,000/year "
140,5 BEDROOM HOUSE FOR RENT,Semi Detached 5 Bedroom Duplex,Guzape Abuja," ₦ 13,000,000/year "
141,3 BEDROOM HOUSE FOR RENT,3 Bedroom Block Of Flats,Guzape Abuja," ₦ 5,000,000/year "
142,3 BEDROOM HOUSE FOR RENT,3 Bedroom Block Of Flats,Asokoro Abuja," $ 40,000/year "
143,5 BEDROOM HOUSE FOR RENT,5 Bedroom Detached Duplex,"Chevron Toll Gate, Chevron Lekki Lagos"," ₦ 7,000,000/year "
144,3 BEDROOM HOUSE FOR RENT,3 Bedroom Flat,"Kolapo Ishola Gra, Akobo Ibadan Oyo"," ₦ 2,000,000/year "
145,8 BEDROOM HOUSE FOR RENT,8 Bedroom Detached Duplex,Main Maitama Abuja," ₦ 60,000,000/year "
146,FLAT / APARTMENT FOR RENT,2 Bedroom Flat,Bodija Ibadan Oyo," ₦ 600,000/year "
147,1 BEDROOM FLAT / APARTMENT FOR RENT,Mini Flat,Palmgroove Shomolu Lagos," ₦ 800,000/year "
148,3 BEDROOM FLAT / APARTMENT FOR RENT,Ground Floor 3 Bedroom Apartment + Bq,Parkview Estate Ikoyi Lagos," ₦ 7,000,000/year "
149,FLAT / APARTMENT FOR RENT,Newly Built 2 Bedroom Flat,"Isokan Estate, Akobo Ibadan Oyo"," ₦ 600,000/year "
150,FLAT / APARTMENT FOR RENT,Room Self Contain,"Awotan Area Apete, Ibadan Oyo"," ₦ 100,000/year "
151,3 BEDROOM FLAT / APARTMENT FOR RENT,3 Bedroom Apartment,Old Ikoyi Lagos," ₦ 9,000,000/year "
152,4 BEDROOM FLAT / APARTMENT FOR RENT,Premium 4 Bedroom Apartment With Bq,Old Ikoyi Ikoyi Lagos," ₦ 12,000,000/year "
153,4 BEDROOM HOUSE FOR RENT,4 Bedroom Terraced Duplex + Bq,"By Bera Estate, Chevron Lekki Lagos"," ₦ 5,000,000/year "
154,4 BEDROOM HOUSE FOR RENT,4 Bedroom Terraced Duplex,Chevron Lekki Lagos," ₦ 4,000,000/year "
155,4 BEDROOM FLAT / APARTMENT FOR RENT,Luxury 4 Bedroom Apartment + Bq,Old Ikoyi Lagos," ₦ 16,000,000/year "
156,2 BEDROOM HOUSE FOR RENT,Blocks Of 2 Bedroom Apartment,Oniru Victoria Island Lagos," ₦ 5,500,000/year "
157,4 BEDROOM HOUSE FOR RENT,Newly Built 4 Bedroom Terrace Duplex With Bq,Banana Island Ikoyi Lagos," ₦ 25,000,000/year "
158,4 BEDROOM HOUSE FOR RENT,4 Bedroom Maisonette,Banana Island Ikoyi Lagos," ₦ 35,000,000/year "
159,6 BEDROOM HOUSE FOR RENT,6 Bedroom Detached Duplex,"Ecowas, Asokoro Abuja"," ₦ 40,000,000/year "
160,4 BEDROOM HOUSE FOR RENT,Newly Built 4 Bedroom Fully Detached Duplex,Secound Tollgate Lekki Phase 2 Lekki Lagos," ₦ 9,000,000/year "
161,5 BEDROOM HOUSE FOR RENT,Newly Built 5 Bedroom Semi Detached Duplex With Bq,Old Ikoyi Lagos," ₦ 20,000,000/year "
162,4 BEDROOM HOUSE FOR RENT,4 Bedroom Terraced Duplex,Ikota Gra Lekki Lagos," ₦ 3,500,000/year "
163,3 BEDROOM FLAT / APARTMENT FOR RENT,3 Bedroom Apartment With Bq,Old Ikoyi Lagos," ₦ 24,000,000/year "
164,4 BEDROOM HOUSE FOR RENT,4 Bedroom Terrace Duplex With Bq,Lekki Phase 1 Lekki Lagos," ₦ 12,000,000/year "
165,HOUSE FOR RENT,4 Bedroom Bungalow,Akala Express Ibadan Oyo," ₦ 1,000,000/year "
166,4 BEDROOM HOUSE FOR RENT,4 Bedroom Terrace Duplex,Diplomatic Zone Guzape Abuja," ₦ 6,000,000/year "
167,8 BEDROOM HOUSE FOR RENT,8 Bedroom Mansion,Diplomatic Zone Asokoro Abuja," ₦ 25,000,000/year "
168,4 BEDROOM HOUSE FOR RENT,4 Bedroom Terraced Duplex,"By National Assembly Qt, Apo Abuja"," ₦ 8,000,000/year "
169,FLAT / APARTMENT FOR RENT,Newly Built 2 Bedroom Flat,Fodacis Ibadan Oyo," ₦ 800,000/year "
170,FLAT / APARTMENT FOR RENT,Standard 3 Bedroom Flat,"Oke Ibukun Elebu, Ibadan Oyo"," ₦ 600,000/year "
171,3 BEDROOM FLAT / APARTMENT FOR RENT,3 Bedroom Apartment + Bq,Old Ikoyi Lagos," ₦ 8,000,000/year "
172,HOUSE FOR RENT,4 Bedroom Terraced Duplex,"Phase 1, Lekki Lagos"," ₦ 7,000,000/year "
173,4 BEDROOM HOUSE FOR RENT,Exotic 4 Bedroom Detached Duplex,Oral Estate Lekki Lagos," ₦ 7,000,000/year "
174,4 BEDROOM HOUSE FOR RENT,4 Bedroom Detached Duplex + Bq,Orchid Chevron Lekki Lagos," ₦ 5,500,000/year "
175,3 BEDROOM HOUSE FOR RENT,3 Bedroom Penthouse,Off Admiralty Lekki Lagos," ₦ 11,000,000/year "
176,4 BEDROOM HOUSE FOR RENT,Fully Serviced 4 Bedroom Massionette,Ikoyi Lagos," ₦ 14,000,000/year "
177,4 BEDROOM HOUSE FOR RENT,Fully Serviced 4 Bedroom Terraced Duplex,"Orchid, Chevron Lekki Lagos"," ₦ 4,000,000/year "
178,4 BEDROOM HOUSE FOR RENT,Serviced 4 Bedroom Semi Detached Duplex,Ikoyi Lagos," ₦ 17,000,000/year "
179,4 BEDROOM HOUSE FOR RENT,Fully Serviced 4 Bedroom Maisonette,"Phase 1, Lekki Lagos"," ₦ 10,000,000/year "
180,4 BEDROOM HOUSE FOR RENT,4 Bedroom Terrace Duplex,Ikoyi Lagos," ₦ 25,000,000/year "
181,4 BEDROOM FLAT / APARTMENT FOR RENT,4 Bedroom Apartment,Old Ikoyi Ikoyi Lagos," ₦ 11,800,000/year "
182,HOUSE FOR RENT,Spacious 3 Bedroom Maisonette,Chevron Lekki Lagos," ₦ 4,000,000/year "
183,4 BEDROOM HOUSE FOR RENT,4 Bedroom Terrace Duplex,Ikota Lekki Lagos," ₦ 4,000,000/year "
184,4 BEDROOM HOUSE FOR RENT,4 Bedroom Terraced Duplex,Ologolo Lekki Lagos," ₦ 7,000,000/year "
185,5 BEDROOM HOUSE FOR RENT,5 Bedroom Detached Duplex + Bq,Ikate Lekki Lagos," ₦ 13,000,000/year "
186,5 BEDROOM HOUSE FOR RENT,Exotic 5 Bedroom Semi Detached Duplex,Ikate Lekki Lagos," ₦ 10,000,000/year "
187,4 BEDROOM HOUSE FOR RENT,Serviced 4 Bedroom Terraced Duplex,Ikoyi Lagos," ₦ 17,000,000/year "
188,2 BEDROOM HOUSE FOR RENT,Furnished 2 Bedroom Apartment,Lekki Right Lekki Lagos," ₦ 15,000,000/year "
189,4 BEDROOM HOUSE FOR RENT,4 Bedroom Semi Detached Duplex,Lekki Lagos," ₦ 12,000,000/year "
190,4 BEDROOM HOUSE FOR RENT,Luxury 4 Bedroom Terraced Duplex + Bq,Old Ikoyi Lagos," ₦ 16,000,000/year "
191,5 BEDROOM HOUSE FOR RENT,5 Bedroom Fully Detached Duplex,"Oral Estate, Chevron Lekki Lagos"," ₦ 6,000,000/year "
192,4 BEDROOM HOUSE FOR RENT,4 Bedroom Semi Detached Duplex,Old Ikoyi Ikoyi Lagos," ₦ 20,000,000/year "
193,4 BEDROOM HOUSE FOR RENT,4 Bedroom Semi Detached Duplex,"Chevron Toll Gate, Chevron Lekki Lagos"," ₦ 5,000,000/year "
194,4 BEDROOM HOUSE FOR RENT,4 Bedroom Terrace Duplex With Bq,Banana Island Ikoyi Lagos," ₦ 22,000,000/year "
195,5 BEDROOM HOUSE FOR RENT,5 Bedroom Fully Detached Duplex,Ikota Lekki Lagos," ₦ 6,300,000/year "
196,4 BEDROOM HOUSE FOR RENT,4 Bedroom Semi Detached Duplex,Ikota Lekki Lagos," ₦ 5,000,000/year "
197,2 BEDROOM FLAT / APARTMENT FOR RENT,2 Bedroom Flat,Kolapo Ishola Gra Akobo Ibadan Oyo," ₦ 1,500,000/year "
198,5 BEDROOM HOUSE FOR RENT,Spacious 5 Bedroom Fully Detached Duplex,Drive Lekki Lagos Chevron Lekki Lagos," ₦ 7,000,000/year "
199,2 BEDROOM HOUSE FOR RENT,Fully Serviced 2 Bedroom Apartments,Orchid Chevron Lekki Lagos," ₦ 3,000,000/year "
200,4 BEDROOM HOUSE FOR RENT,Exotic 4 Bedroom Semi Detached Duplex,Osapa London Lekki Lagos," ₦ 7,000,000/year "
201,4 BEDROOM HOUSE FOR RENT,New 4 Bedroom Semi Detached House + Bq,Osborne 2 Osborne Foreshore Estate Ikoyi Lagos," ₦ 15,000,000/year "
202,4 BEDROOM HOUSE FOR RENT,4 Bedroom Semi Detached Duplex,Ikoyi Lagos," ₦ 18,000,000/year "
203,4 BEDROOM HOUSE FOR RENT,4 Bedroom Terrace Duplex,Banana Island Ikoyi Lagos," ₦ 22,000,000/year "
204,3 BEDROOM FLAT / APARTMENT FOR RENT,3 Bedroom Apartment,Old Ikoyi Ikoyi Lagos," ₦ 9,000,000/year "
205,2 BEDROOM FLAT / APARTMENT FOR RENT,2 Bedroom Flat,"Cele Aparadija, Close To Ayobo Ipaja Lagos"," ₦ 250,000/year "
206,3 BEDROOM FLAT / APARTMENT FOR RENT,Luxury 3 Bedroom Apartment + Bq,Banana Island Ikoyi Lagos," ₦ 12,000,000/year "
207,3 BEDROOM HOUSE FOR RENT,3 Bedroom Apartment,"Off Nike Art Gallery, Phase 1 Lekki Lagos"," ₦ 5,000,000/year "
208,2 BEDROOM HOUSE FOR RENT,Serviced 2 Bedroom Apartment,Ikate Lekki Lagos," ₦ 4,500,000/year "
209,1 BEDROOM HOUSE FOR RENT,1 Bedroom Apartment,Oniru Victoria Island Lagos," ₦ 3,500,000/year "
210,2 BEDROOM FLAT / APARTMENT FOR RENT,2 Bedroom Flat,"Ekoro Road, Meiran Abule Egba Lagos"," ₦ 500,000/year "
211,4 BEDROOM HOUSE FOR RENT,Exquisite 4 Bedroom Terraced Duplex + Bq,Osapa London Lekki Lagos," ₦ 4,000,000/year "
212,4 BEDROOM HOUSE FOR RENT,Brand New 4 Bedroom Detached Duplex,Naf Valley Estate Asokoro Abuja Diplomatic Zone Asokoro Abuja," ₦ 8,000,000/year "
213,4 BEDROOM HOUSE FOR RENT,4 Bedroom Terrace Duplex,Osapa London Lekki Lagos," ₦ 7,000,000/year "
214,3 BEDROOM FLAT / APARTMENT FOR RENT,Waterfront 3 Bedroom Apartment With Bq,Banana Island Ikoyi Lagos," ₦ 14,500,000/year "
215,4 BEDROOM HOUSE FOR RENT,4 Bedroom Semi Detached Duplex,Chevron Lekki Lagos," ₦ 5,000,000/year "
216,4 BEDROOM HOUSE FOR RENT,Luxury 4 Bedroom Terraced Duplex + Bq,Old Ikoyi Lagos," ₦ 13,000,000/year "
217,3 BEDROOM HOUSE FOR RENT,3 Bedroom Apartment,Oniru Victoria Island Lagos," ₦ 9,000,000/year "
218,3 BEDROOM FLAT / APARTMENT FOR RENT,3 Bedroom Flat,Ijede Ikorodu Lagos," ₦ 400,000/year "
219,HOUSE FOR RENT,3 Bedroom Duplex With Bq,Ring Rd Ibadan Oyo," ₦ 1,700,000/year "
220,1 BEDROOM FLAT / APARTMENT FOR RENT,Mini Flat,Gloryland Egbeda Alimosho Lagos," ₦ 400,000/year "
221,4 BEDROOM HOUSE FOR RENT,4 Bedroom Terraced Duplex,Chevron Lekki Lagos," ₦ 4,000,000/year "
222,4 BEDROOM HOUSE FOR RENT,4 Bedroom Terraced Duplex,Chevron Lekki Lagos," ₦ 5,000,000/year "
223,4 BEDROOM HOUSE FOR RENT,Lovely 4 Bedroom Terrace Duplex With Bq,Lekki Phase 1 Lekki Lagos," ₦ 10,000,000/year "
224,4 BEDROOM HOUSE FOR RENT,4 Bedroom Terrace Duplex,Chevron Lekki Lagos," ₦ 4,500,000/year "
225,4 BEDROOM HOUSE FOR RENT,4 Bedroom Terraced Duplex + 1 Room Bq,"By National Assembly Qt Diplomatic Zone, Apo Abuja"," ₦ 6,500,000/year "
226,LAND FOR RENT,20 Acres Of Farm Land,Oduru Village Near Elekuru Off Moniya/ijaye Road Moniya Ibadan Oyo," ₦ 10,000/year "
227,3 BEDROOM FLAT / APARTMENT FOR RENT,Luxury 3 Bedroom Apartment,Old Ikoyi Ikoyi Lagos," ₦ 16,000,000/year "
228,2 BEDROOM FLAT / APARTMENT FOR RENT,2 Bedroom Flat,Pedro Shomolu Lagos," ₦ 1,600,000/year "
229,4 BEDROOM HOUSE FOR RENT,4 Bedroom Terrace Duplex,Guzape Abuja," ₦ 8,000,000/year "
230,COMMERCIAL PROPERTY FOR RENT,Supermarket/banking Hall,Cele Ijesha Bus Stop Ijesha Surulere Lagos," ₦ 5,000,000/year "
231,3 BEDROOM FLAT / APARTMENT FOR RENT,Serviced 3 Bedroom Apartment,"Bay Nest Megamound Extension, Phase 2 Lekki Lagos"," ₦ 3,500,000/year "
232,4 BEDROOM HOUSE FOR RENT,Waterview 4 Bedroom Maisonette,Banana Island Ikoyi Lagos," ₦ 40,000,000/year "
233,4 BEDROOM HOUSE FOR RENT,4 Bedroom Terraced Duplex + Bq,Banana Island Ikoyi Lagos," ₦ 12,000,000/year "
234,6 BEDROOM HOUSE FOR RENT,6 Bedroom Duplex,Osapa London Lekki Lagos," ₦ 12,000,000/year "
235,4 BEDROOM HOUSE FOR RENT,Aesthetic 4 Bedroom Maisonette,"Admiralty Way, Phase 1 Lekki Lagos"," ₦ 10,000,000/year "
236,5 BEDROOM HOUSE FOR RENT,5 Bedroom Detached Duplex,Chevron Lekki Lagos," ₦ 7,000,000/year "
237,5 BEDROOM HOUSE FOR RENT,Luxury 5 Bedroom Semi Detached House + Bq,Mojisola Onikoyi Estate Ikoyi Lagos," ₦ 22,000,000/year "
238,5 BEDROOM HOUSE FOR RENT,5 Bedroom Fully Detached Duplex,Chevron Lekki Lagos," ₦ 9,500,000/year "
239,4 BEDROOM HOUSE FOR RENT,Exquisite 4 Bedroom Terraced Duplex,Ikota Lekki Lagos," ₦ 3,800,000/year "
240,6 BEDROOM HOUSE FOR RENT,Furnished 6 Bedroom Detatched Duplex + Bq,Osapa London Lekki Lagos," ₦ 12,000,000/year "
241,4 BEDROOM HOUSE FOR RENT,Exquisite 4 Bedroom Semi Detached Duplex,Vgc Lekki Lagos," ₦ 5,000,000/year "
242,4 BEDROOM HOUSE FOR RENT,Newly Built 4 Bedroom Semi Detached Duplex With Bq,Old Ikoyi Ikoyi Lagos," ₦ 18,000,000/year "
243,4 BEDROOM HOUSE FOR RENT,Furnished 4 Bedroom Terraced Duplex + Bq,Old Ikoyi Lagos," ₦ 20,000,000/year "
244,4 BEDROOM HOUSE FOR RENT,Luxury 4 Bedroom Terraced House + Bq,Banana Island Ikoyi Lagos," ₦ 17,000,000/year "
245,4 BEDROOM HOUSE FOR RENT,4 Bedroom Terraced Duplex,Chevron Lekki Lagos," ₦ 4,000,000/year "
246,3 BEDROOM HOUSE FOR RENT,Exquisite 3 Bedroom Apartment,Agungi Lekki Lagos," ₦ 4,000,000/year "
247,4 BEDROOM HOUSE FOR RENT,4 Bedroom Terraced Duplex,Ikoyi Lagos," ₦ 7,500,000/year "
248,4 BEDROOM HOUSE FOR RENT,Serviced 4 Bedroom Semi Detached Duplex With Bq,Vgc Lekki Lagos," ₦ 5,500,000/year "
249,4 BEDROOM HOUSE FOR RENT,Exquisite 4 Bedroom Terraced Duplexes,Ikota Lekki Lagos," ₦ 3,800,000/year "
250,4 BEDROOM HOUSE FOR RENT,Serviced 4 Bedroom Terraced Duplexes + Pool,"Orchid, Chevron Lekki Lagos"," ₦ 4,000,000/year "
251,4 BEDROOM HOUSE FOR RENT,4 Bedroom Terraced Duplex,Ikota Lekki Lagos," ₦ 5,000,000/year "
252,2 BEDROOM HOUSE FOR RENT,2 Bedroom Apartment,Agungi Lekki Lagos," ₦ 4,000,000/year "
253,3 BEDROOM FLAT / APARTMENT FOR RENT,3 Bedroom Apartment + Bq,Old Ikoyi Lagos," ₦ 12,000,000/year "
254,4 BEDROOM HOUSE FOR RENT,4 Bedroom Detached Duplex With Bq,Chevron 2nd Toll Gate Lekki Lagos," ₦ 5,000,000/year "
255,4 BEDROOM HOUSE FOR RENT,Exotic 4 Bedroom Terraced Duplex,Orchid Chevron Lekki Lagos," ₦ 3,500,000/year "
256,3 BEDROOM FLAT / APARTMENT FOR RENT,3 Bedroom Apartment With Bq,Old Ikoyi Lagos," ₦ 15,000,000/year "
257,2 BEDROOM FLAT / APARTMENT FOR RENT,2 Bedroom Flat,Iyana Ipaja Ipaja Lagos," ₦ 900,000/year "
258,4 BEDROOM HOUSE FOR RENT,4 Bedroom Terraced Duplex,"Diplomatic Zone, Wuye Abuja"," ₦ 15,000,000/year "
259,4 BEDROOM HOUSE FOR RENT,Brand New 4 Bedroom Semi Detached Duplex,"Phase 1, Lekki Lagos"," ₦ 12,000,000/year "
260,4 BEDROOM HOUSE FOR RENT,Magnificent 4 Bedroom Terraced Duplex,"Meadow Hall, Ikate Lekki Lagos"," ₦ 6,500,000/year "
261,5 BEDROOM HOUSE FOR RENT,5 Bedroom Semi Detached House + 2 Bq,Parkview Estate Ikoyi Lagos," ₦ 12,000,000/year "
262,4 BEDROOM HOUSE FOR RENT,4 Bedroom Detached Duplex,"Chevron Toll Gate Orchid, Chevron Lekki Lagos"," ₦ 6,500,000/year "
263,4 BEDROOM HOUSE FOR RENT,4 Bedroom Terrace Duplex With Bq,Old Ikoyi Lagos," ₦ 25,000,000/year "
264,1 BEDROOM FLAT / APARTMENT FOR RENT,Brand New 1 Bedroom Apartment,Ologolo Lekki Lagos," ₦ 3,000,000/year "
265,4 BEDROOM HOUSE FOR RENT,Unfurnished 4 Bedroom Terraced House + Bq,Old Ikoyi Lagos," ₦ 20,000,000/year "
266,3 BEDROOM HOUSE FOR RENT,3 Bedroom Flat,Maitama Abuja," ₦ 13,500,000/year "
267,3 BEDROOM FLAT / APARTMENT FOR RENT,Spacious 3 Bedroom Apartment,"Megamound Estate, Ikota Lekki Lagos"," ₦ 4,000,000/year "
268,9 BEDROOM HOUSE FOR RENT,9 Bedroom Detached Duplex,Maitama Abuja," ₦ 60,000,000/year "
269,4 BEDROOM HOUSE FOR RENT,4 Bedroom Terrace Duplex,Gilmore Jahi Abuja," ₦ 6,500,000/year "
270,2 BEDROOM FLAT / APARTMENT FOR RENT,2 Bedroom Apartment,Lekki Lagos Ikate Lekki Lagos," ₦ 3,500,000/year "
271,4 BEDROOM FLAT / APARTMENT FOR RENT,4 Bedroom Apartment,Banana Island Ikoyi Lagos," ₦ 25,000,000/year "
272,4 BEDROOM HOUSE FOR RENT,Luxury 4 Bedroom Maisonette On 2 Floors + Bq,Parkview Estate Ikoyi Lagos," ₦ 14,000,000/year "
273,3 BEDROOM FLAT / APARTMENT FOR RENT,Luxury 3 Bedroom Apartment + Bq,Old Ikoyi Lagos," ₦ 14,000,000/year "
274,CO WORKING SPACE FOR RENT,Office Space,Ojoo Ibadan Oyo," ₦ 500,000/year "
275,4 BEDROOM FLAT / APARTMENT FOR RENT,4 Bedroom Apartment,Old Ikoyi Ikoyi Lagos," ₦ 12,000,000/year "
276,4 BEDROOM HOUSE FOR RENT,4 Bedroom Semi Detached Duplex With Bq,Parkview Estate Ikoyi Lagos," ₦ 17,999,999/year "
277,2 BEDROOM HOUSE FOR RENT,2 Bedroom Serviced Apartment,Chevron Lekki Lagos," ₦ 3,000,000/year "
278,4 BEDROOM HOUSE FOR RENT,4 Bedroom Terraced Duplex,Ikate Lekki Lagos," ₦ 8,500,000/year "
279,5 BEDROOM HOUSE FOR RENT,Luxury 5 Bedroom Detached Duplex + Bq,Banana Island Ikoyi Lagos," $ 150,000/year "
280,5 BEDROOM HOUSE FOR RENT,5 Bedroom Detached Duplex,Lekki Lagos," ₦ 20,000,000/year "
281,4 BEDROOM HOUSE FOR RENT,Detached 4 Bedroom Duplex,Old Ikoyi Ikoyi Lagos," ₦ 20,000,000/year "
282,4 BEDROOM HOUSE FOR RENT,4 Bedroom Terrace Duplex With Bq,Ologolo Lekki Lagos," ₦ 7,500,000/year "
283,4 BEDROOM HOUSE FOR RENT,4 Bedroom Terraced Duplex,Vgc Lekki Lagos," ₦ 4,000,000/year "
284,4 BEDROOM HOUSE FOR RENT,Massive 4 Bedroom Terraced Duplex,Vgc Lekki Lagos," ₦ 3,500,000/year "
285,5 BEDROOM HOUSE FOR RENT,5 Bedroom Ensuite Detached Duplex With Bq,Ikota Lekki Lagos," ₦ 6,500,000/year "
286,3 BEDROOM HOUSE FOR RENT,3 Bedroom Semi Detached Duplex With Bq,Carlton Gate Estate Akobo Ibadan Oyo," ₦ 3,500,000/year "
287,FLAT / APARTMENT FOR RENT,A Room Self Contain,"Felele, Challenge Ibadan Oyo"," ₦ 200,000/year "
288,2 BEDROOM HOUSE FOR RENT,2 Bedroom Flat,Oniru Victoria Island Lagos," ₦ 8,000,000/year "
289,4 BEDROOM HOUSE FOR RENT,4 Bedroom Terrace Duplex With Bq,"Plot 625 Mobolaji Johnson Road Apo, National Assembly Quarters Zone Q Apo Abuja"," ₦ 6,500,000/year "
290,4 BEDROOM HOUSE FOR RENT,4 Bedroom Terrace Duplex,Close To Nnpc Guzape Abuja," ₦ 6,500,000/year "
291,4 BEDROOM FLAT / APARTMENT FOR RENT,4 Bedroom Penthouse,Old Ikoyi Lagos," ₦ 25,000,000/year "
292,4 BEDROOM HOUSE FOR RENT,Exquisite 4 Bedroom Detached Duplex,Osapa London Lekki Lagos," ₦ 5,500,000/year "
293,4 BEDROOM HOUSE FOR RENT,4 Bedroom Duplex,Oral Estate Lekki Lagos," ₦ 6,000,000/year "
294,4 BEDROOM HOUSE FOR RENT,4 Bedroom Terraced Duplex,Ikate Lekki Lagos," ₦ 10,000,000/year "
295,4 BEDROOM HOUSE FOR RENT,Beautiful 4 Bedroom Terrace Duplex With Bq,Lekki Phase 1 Lekki Lagos," ₦ 10,000,000/year "
296,4 BEDROOM HOUSE FOR RENT,Furnished 4 Bedroom Terrace Duplex,Agungi Lekki Lagos," ₦ 6,000,000/year "
297,4 BEDROOM HOUSE FOR RENT,Fully Serviced 4 Bedroom Terraced Duplex With Bq,Lekki Phase 1 Lekki Lagos," ₦ 12,000,000/year "
298,5 BEDROOM HOUSE FOR RENT,5 Bedroom Fully Detached Duplex,Chevron Lekki Lagos," ₦ 10,000,000/year "
299,4 BEDROOM HOUSE FOR RENT,4 Bedroom Terraced Duplex,Vgc Lekki Lagos," ₦ 4,000,000/year "
300,4 BEDROOM HOUSE FOR RENT,4 Bedroom Semi Detached Duplex,"Chevron Toll Gate Orchid, Chevron Lekki Lagos"," ₦ 6,500,000/year "
301,3 BEDROOM FLAT / APARTMENT FOR RENT,4 Bedroom Apartment,Old Ikoyi Ikoyi Lagos," ₦ 14,000,000/year "
302,3 BEDROOM FLAT / APARTMENT FOR RENT,Premium 3 Bedroom Apartment + Bq,Old Ikoyi Lagos," ₦ 8,000,000/year "
303,5 BEDROOM HOUSE FOR RENT,5 Bedroom Terraced Duplex,Adeola Odeku Victoria Island Lagos," ₦ 11,500,000/year "
304,4 BEDROOM HOUSE FOR RENT,Exotic 4 Bedroom Semi Detached Duplex + Bq,Osapa London Lekki Lagos," ₦ 7,000,000/year "
305,4 BEDROOM HOUSE FOR RENT,4 Bedroom Terrace Duplex,Osapa London Lekki Lagos," ₦ 5,500,000/year "
306,3 BEDROOM FLAT / APARTMENT FOR RENT,8 Units Of 3 Bedroom Apartment,Banana Island Estate Ikoyi Lagos," ₦ 9,000,000/year "
307,4 BEDROOM HOUSE FOR RENT,4 Bedroom Apartments + Bq,Ikate Lekki Lagos," ₦ 4,500,000/year "
308,4 BEDROOM HOUSE FOR RENT,4 Bedroom Terrace Duplex,Orchid Chevron Lekki Lagos," ₦ 4,000,000/year "
309,1 BEDROOM HOUSE FOR RENT,Single Bedroom Apartment,Osapa London Lekki Lagos," ₦ 2,500,000/year "
310,4 BEDROOM HOUSE FOR RENT,Exquisite 4 Bedroom Terraced Duplex,Chevron Lekki Lagos," ₦ 4,500,000/year "
311,2 BEDROOM FLAT / APARTMENT FOR RENT,2 Bedroom Flat,Ijegun Ikotun Igando Lagos," ₦ 1,000,000/year "
312,4 BEDROOM HOUSE FOR RENT,4 Bedroom Terraces Duplex,Abuja Diplomatic Zone Guzape Abuja," ₦ 8,500,000/year "
313,4 BEDROOM HOUSE FOR RENT,New 4 Bedroom Terraced Duplex + 1 Room Bq,"Diplomatic Zone, Guzape Abuja"," ₦ 6,000,000/year "
314,4 BEDROOM HOUSE FOR RENT,4 Bedroom Massionte,Osborne Foreshore Estate Ikoyi Lagos," ₦ 10,000,000/year "
315,4 BEDROOM HOUSE FOR RENT,4 Bedroom Terraced Duplex,"Ikolaba Gra, Bodija Ibadan Oyo"," ₦ 2,500,000/year "
316,4 BEDROOM HOUSE FOR RENT,4 Bedroom Terraced Duplex,"Kolapo Ishola Gra, Akobo Ibadan Oyo"," ₦ 3,200,000/year "
317,3 BEDROOM FLAT / APARTMENT FOR RENT,Ground Floor 3 Bedroom Flat + Bq,Old Ikoyi Lagos," ₦ 13,500,000/year "
318,2 BEDROOM HOUSE FOR RENT,Magnificent 2 Bedroom Apartments,Ikate Lekki Lagos," ₦ 4,000,000/year "
319,4 BEDROOM FLAT / APARTMENT FOR RENT,4 Bedroom Apartment,Old Ikoyi Lagos," ₦ 13,000,000/year "
320,4 BEDROOM HOUSE FOR RENT,Fully Serviced 4 Bedroom Terrace Duplex With Bq,Ikate Lekki Lagos," ₦ 7,000,000/year "
321,HOUSE FOR RENT,4 Bedroom Fully Detached Duplex With Bq,Chevronview Estate Chevron Lekki Lagos," ₦ 8,000,000/year "
322,HOUSE FOR RENT,8 Units Of 4 Bedroom Terraced Duplex + Bq,Main Mabushi Abuja," ₦ 30,000,000/year "
323,4 BEDROOM HOUSE FOR RENT,Fully Serviced 4 Bedroom Terraced Duplex,"Phase 1, Lekki Lagos"," ₦ 10,000,000/year "
324,HOUSE FOR RENT,2 Bedroom Bungalow,"Aerodrome Estate Gra, Ibadan Oyo"," ₦ 2,000,000/year "
325,4 BEDROOM HOUSE FOR RENT,Ensuite 4 Bedroom Semi Detached Duplex With Bq,Orchid Chevron Lekki Lagos," ₦ 5,500,000/year "
326,4 BEDROOM HOUSE FOR RENT,Furnished 4 Bedroom Penthouse,"Phase 1, Lekki Lagos"," ₦ 20,000,000/year "
327,4 BEDROOM HOUSE FOR RENT,4 Bedroom Semi Detached Duplex,Chevron Lekki Lagos," ₦ 6,000,000/year "
328,4 BEDROOM HOUSE FOR RENT,4 Bedroom Semi Detached Duplex,Ikate Lekki Lagos," ₦ 8,500,000/year "
329,3 BEDROOM HOUSE FOR RENT,Furnished 3 Bedroom Apartment,"Off Banana Island Road, Ikoyi Lagos"," ₦ 11,000,000/year "
330,4 BEDROOM HOUSE FOR RENT,4 Bedroom Semi Detached Duplex,Osapa London Lekki Lagos," ₦ 6,500,000/year "
331,4 BEDROOM HOUSE FOR RENT,4 Bedroom Semi Detached Duplex For Rent!,Lekki Phase 1 Lekki Lagos," ₦ 10,000,000 "
332,HOUSE FOR RENT,4 Bedroom Duplex,Jericho Ibadan Oyo," ₦ 2,500,000/year "
333,COMMERCIAL PROPERTY FOR RENT,1000sqm Commercial Building,Thomas Estate Ajah Lagos," ₦ 3,500,000/year "
334,4 BEDROOM HOUSE FOR RENT,4 Bedroom Fully Detached Duplex,Katampe Ext Abuja," ₦ 15,000,000 "
335,4 BEDROOM HOUSE FOR RENT,4 Bedroom Semi Detached Duplex,Lekki County Homes Ikota Lekki Lagos," ₦ 5,500,000/year "
336,4 BEDROOM HOUSE FOR RENT,4 Bedroom Terraced Duplex,Ikota Lekki Lagos," ₦ 4,000,000/year "
337,HOUSE FOR RENT,Detached 3 Bedroom Bungalow,"Off Ire Akari Estate, Ajinde, Akala Express Ibadan Oyo"," ₦ 900,000/year "
338,5 BEDROOM HOUSE FOR RENT,Magnificent 5 Bedroom Detached Duplex,"Off Nike Art Gallery, Phase 1 Lekki Lagos"," ₦ 20,000,000/year "
339,3 BEDROOM HOUSE FOR RENT,3 Bedroom Apartment,Chevron Lekki Lagos," ₦ 2,800,000/year "
340,COMMERCIAL PROPERTY FOR RENT,Standard Shop,Kosoko Road Berger Ojodu Lagos," ₦ 1,000,000/year "
341,2 BEDROOM FLAT / APARTMENT FOR RENT,2 Bedroom Flat,"Peace Estate Aboru, Iyana Ipaja Lagos"," ₦ 700,000/year "
342,COMMERCIAL PROPERTY FOR RENT,Shop/office Space,Samonda Ibadan Oyo," ₦ 500,000/year "
343,3 BEDROOM HOUSE FOR RENT,3 Bedroom Apartment,Victoria Island Lagos," ₦ 8,000,000/year "
344,3 BEDROOM HOUSE FOR RENT,3 Bedroom Apartmen,Ikate Lekki Lagos," ₦ 3,800,000/year "
345,4 BEDROOM HOUSE FOR RENT,4 Bedroom Terrace Duplex,Ologolo Lekki Lagos," ₦ 8,000,000/year "
346,4 BEDROOM HOUSE FOR RENT,New 4 Bedroom Terraced Duplex + 1 Room Bq,"Diplomatic Zone, Guzape Abuja"," ₦ 5,000,000/year "
347,4 BEDROOM HOUSE FOR RENT,4 Bedroom Semi Detached Duplex,Chevron Lekki Lagos," ₦ 4,500,000/year "
348,4 BEDROOM HOUSE FOR RENT,4 Bedroom Semi Detached Duplex,"Lekki County Homes, Ikota Lekki Lagos"," ₦ 5,000,000/year "
349,4 BEDROOM HOUSE FOR RENT,4 Bedroom Semi Detached Duplex With Bq,Chevron Lekki Lagos," ₦ 5,000,000/year "
350,4 BEDROOM HOUSE FOR RENT,Serviced 4 Bedroom Semi Detached Duplex + Bq,Chevron Drive Lekki Lagos Chevron Lekki Lagos," ₦ 5,000,000/year "
351,4 BEDROOM HOUSE FOR RENT,4 Bedroom Terrace Duplex,Katampe Ext Abuja," ₦ 10,000,000/year "
352,2 BEDROOM HOUSE FOR RENT,2 Bedroom Apartment,Ikota Lekki Lagos," ₦ 2,500,000/year "
353,3 BEDROOM HOUSE FOR RENT,3 Bedroom Apartment,Chevron Lekki Lagos," ₦ 4,000,000/year "
354,9 BEDROOM HOUSE FOR RENT,Brand New 9 Bedroom Mansion,"Diplomatic Zone, Maitama Abuja"," ₦ 60,000,000/year "
355,1 BEDROOM HOUSE FOR RENT,Furnished 1 Bedroom Flat,Diplomatic Zone Asokoro Abuja," ₦ 5,000,000/year "
356,3 BEDROOM FLAT / APARTMENT FOR RENT,3 Bedroom Apartment With Bq,Old Ikoyi Ikoyi Lagos," ₦ 8,500,000/year "
357,4 BEDROOM HOUSE FOR RENT,Furnished 4 Bedroom Terraced Duplex + 1 Room Bq,"Diplomatic Zone, Guzape Abuja"," ₦ 10,000,000/year "
358,2 BEDROOM HOUSE FOR RENT,4 Units Of 2 Bedroom Block Of Flats,Asokoro Abuja," ₦ 16,000,000/year "
359,3 BEDROOM HOUSE FOR RENT,3 Bedroom Block Of Flat,Asokoro Abuja," $ 60,000/year "
360,5 BEDROOM HOUSE FOR RENT,Waterfront 5 Bedroom Detached Duplex,"Chevron Toll Gate, Chevron Lekki Lagos"," ₦ 7,500,000/year "
361,FLAT / APARTMENT FOR RENT,Studio Apartment,Abule Ijesha Yaba Lagos," ₦ 1,000,000/year "
362,4 BEDROOM HOUSE FOR RENT,4 Bedroom Fully Detached Duplex,"Chevron Toll Gate, Lekki Lagos"," ₦ 5,500,000/year "
363,2 BEDROOM HOUSE FOR RENT,2 Bedroom Block Of Flats,Asokoro Abuja," ₦ 8,000,000/year "
364,4 BEDROOM HOUSE FOR RENT,4 Bedroom Terrace Duplex With Bq,Old Ikoyi Ikoyi Lagos," ₦ 12,000,000/year "
365,COMMERCIAL PROPERTY FOR RENT,Private 230 Sqm Pent Floor Office Space,Victoria Island Lagos," ₦ 8,050,000/year "
366,4 BEDROOM HOUSE FOR RENT,4 Bedroom Terrace Duplex,Old Ikoyi Ikoyi Lagos," ₦ 25,000,000/year "
367,4 BEDROOM HOUSE FOR RENT,4 Bedroom Semi Detached Duplex With Bq,Orchid Chevron Lekki Lagos," ₦ 5,500,000/year "
368,3 BEDROOM HOUSE FOR RENT,4 Units Of Luxury 3 Bedroom Terraced Duplex + Bq,"Banana Island Estate, Ikoyi Lagos"," ₦ 25,000,000/year "
369,4 BEDROOM HOUSE FOR RENT,Newly Built 4 Bedroom Terraced Duplex,"Off Meadow Hall Way, Ikate Lekki Lagos"," ₦ 8,500,000/year "
370,1 BEDROOM FLAT / APARTMENT FOR RENT,Mini Flat,"Chevron Toll Gate, Chevron Lekki Lagos"," ₦ 2,000,000/year "
371,4 BEDROOM HOUSE FOR RENT,Brand New Spacious Four 4 Bedroom Terrace House,Orchid Lekki Lagos Lekki Phase 2 Lekki Lagos," ₦ 4,000,000/year "
372,5 BEDROOM HOUSE FOR RENT,5 Bedroom Fully Detached Duplex With Bq,Magodo Kosofe Ikosi Lagos," ₦ 8,000,000/year "
373,4 BEDROOM HOUSE FOR RENT,4 Bedroom Semidetached Duplex With 2 Room Bq,Lekki Phase 1 Lekki Lagos," ₦ 12,000,000 "
374,4 BEDROOM HOUSE FOR RENT,A Newly Built 4 Bedroom Duplex,Kolapo Ishola Gra Akobo Ibadan Oyo," ₦ 3,200,000/year "
375,2 BEDROOM HOUSE FOR RENT,Beautiful Luxury Serviced 2 Bedroom Apartment With Bq,Lekki Phase 1 Lekki Lagos," ₦ 8,000,000 "
376,5 BEDROOM HOUSE FOR RENT,Beautiful Luxury 5 Bedroom Terrace Duplex With Bq,Victoria Island Lagos," ₦ 12,000,000 "
377,3 BEDROOM COMMERCIAL PROPERTY FOR RENT,Furnished 3 Bedroom Apartment,Cromwell Court Chevron Lekki Lagos," ₦ 5,500,000/year "
378,4 BEDROOM COMMERCIAL PROPERTY FOR RENT,New 4 Bedroom Semi Detached Duplex With Bq,Chevron Alternative Drive Chevron Lekki Lagos," ₦ 5,000,000/year "
379,3 BEDROOM FLAT / APARTMENT FOR RENT,Furnished 3 Bedroom Flat,Megamound Estate Ikota Lekki Lagos," ₦ 4,000,000/year "
380,4 BEDROOM HOUSE FOR RENT,Tastefully Finished 4 Bedroom Terraced Duplex,"Greenwood Terraces, Ibrahim Odofin Agungi Lekki Lagos"," ₦ 5,000,000/year "
381,3 BEDROOM FLAT / APARTMENT FOR RENT,Serviced 3 Bedroom Flat,Primewater Gardens Ikate Lekki Lagos," ₦ 4,000,000/year "
382,3 BEDROOM HOUSE FOR RENT,Newly Built 3 Bedroom Terrace Duplex,Victoria Nest Estate Vgc Lekki Lagos," ₦ 4,000,000/year "
383,4 BEDROOM HOUSE FOR RENT,Newly Built 4 Bedroom Terraced Duplex,Victoria Nest Estate Vgc Lekki Lagos," ₦ 4,500,000/year "
384,1 BEDROOM FLAT / APARTMENT FOR RENT,Newly Built 1 Bedroom Apartment,"Yesufu Abiodun, Oniru Victoria Island Lagos"," ₦ 3,500,000/year "
385,4 BEDROOM HOUSE FOR RENT,4 Bedroom Semi Detached Duplex + 1 Room Bq,"Crest Villa End Estate, Ologolo Lekki Lagos"," ₦ 6,000,000/year "
386,3 BEDROOM FLAT / APARTMENT FOR RENT,Serviced 3 Bedroom Flat With Bq,Rainbow Drive Oregun Ikeja Lagos," ₦ 4,500,000/year "
387,2 BEDROOM FLAT / APARTMENT FOR RENT,2 Bedroom Apartment,Sterling Cooperative (greenbay Estate) Ikota Lekki Lagos," ₦ 2,800,000/year "
388,3 BEDROOM FLAT / APARTMENT FOR RENT,Exclusive 3 Bedroom Apartment,Abijo Gra Abijo Ajah Lagos," ₦ 1,500,000/year "
389,4 BEDROOM HOUSE FOR RENT,A Nice 4 Bedroom Duplex,Agala Estate Agodi Ibadan Oyo," ₦ 2,500,000/year "
390,3 BEDROOM FLAT / APARTMENT FOR RENT,A Nice 3 Bedroom Flat With Aircons,Kolapo Ishola Gra Akobo Ibadan Oyo," ₦ 2,000,000/year "
391,4 BEDROOM HOUSE FOR RENT,Luxury 4 Bedroom Terraced Duplex + Bq,Old Ikoyi Ikoyi Lagos," ₦ 17,000,000/year "
392,1 BEDROOM FLAT / APARTMENT FOR RENT,1 Ensuite Room In A Shared Apartment,"Van Daniels Estate Orchid, Chevron Lekki Lagos"," ₦ 900,000/year "
393,4 BEDROOM HOUSE FOR RENT,Luxury 4 Bedroom Terraced Duplex + Bq,Chevron Lekki Lagos," ₦ 5,000,000/year "
394,4 BEDROOM HOUSE FOR RENT,4 Bedroom Terrace Duplex,Chevron Lekki Lagos," ₦ 4,000,000/year "
395,4 BEDROOM HOUSE FOR RENT,4 Bedroom Terrace Duplex,Chevron Lekki Lagos," ₦ 4,500,000/year "
396,4 BEDROOM HOUSE FOR RENT,4 Bedroom Terrace Duplex,Chevron Lekki Lagos," ₦ 4,000,000/year "
397,4 BEDROOM HOUSE FOR RENT,Serviced 4 Bedroom Penthouse,Ikate Lekki Lagos," ₦ 8,000,000/year "
398,4 BEDROOM HOUSE FOR RENT,4 Bedroom Massionette,Ikate Lekki Lagos," ₦ 8,500,000/year "
399,2 BEDROOM HOUSE FOR RENT,2 Bedroom Apartment,Ikate Lekki Lagos," ₦ 6,000,000/year "
400,5 BEDROOM HOUSE FOR RENT,Luxury 5 Bedroom Detached Duplex + Bq,Osapa London Lekki Lagos," ₦ 9,500,000/year "
401,2 BEDROOM HOUSE FOR RENT,2 Bedroom Apartment,Lekki Lagos," ₦ 7,000,000/year "
402,4 BEDROOM HOUSE FOR RENT,4 Bedroom Semi Detached Duplex With Bq,Toll Gate Orchid Road Chevron Lekki Lagos," ₦ 4,000,000/year "
403,4 BEDROOM HOUSE FOR RENT,4 Bedroom Semi Detached Duplex + Bq,Osapa London Lekki Lagos," ₦ 6,500,000/year "
404,4 BEDROOM HOUSE FOR RENT,Luxury 4 Bedroom Terraced Duplex,"Chevron Toll Gate, Chevron Lekki Lagos"," ₦ 3,800,000/year "
405,5 BEDROOM HOUSE FOR RENT,Luxury 5 Bedroom Detached Duplex + Bq,"Chevron Toll Gate, Chevron Lekki Lagos"," ₦ 12,000,000/year "
406,4 BEDROOM HOUSE FOR RENT,Serviced 4 Bedroom Terraced Duplex,"Chevron Toll Gate Orchid Road, Chevron Lekki Lagos"," ₦ 4,000,000/year "
407,2 BEDROOM HOUSE FOR RENT,Contemporary 2 Bedroom Apartment,Oniru Victoria Island Lagos," ₦ 8,000,000/year "
408,5 BEDROOM HOUSE FOR RENT,5 Bedroom Detached Duplex With Bq,Lekki Phase 1 Lekki Lagos," ₦ 25,000,000/year "
409,2 BEDROOM HOUSE FOR RENT,Serviced 2 Bedroom Apartment,Ikate Lekki Lagos," ₦ 4,000,000/year "
410,4 BEDROOM HOUSE FOR RENT,Luxury 4 Bedroom Maisonette + Bq,Parkview Estate Ikoyi Lagos," ₦ 14,000,000/year "
411,3 BEDROOM HOUSE FOR RENT,Luxury 3 Bedroom Terraced Duplex,"Chevron Toll Gate, Orchid Road, Chevron Lekki Lagos"," ₦ 3,500,000/year "
412,COMMERCIAL PROPERTY FOR RENT,Hotel Space,Egbeda Alimosho Lagos," ₦ 4,500,000/year "
413,4 BEDROOM HOUSE FOR RENT,4 Bedroom Terrace Duplex,Ologolo Lekki Lagos," ₦ 8,000,000/year "
414,4 BEDROOM HOUSE FOR RENT,4 Bedroom Fully Detached Duplex,Ilaje Ajah Lagos," ₦ 3,500,000/year "
415,4 BEDROOM HOUSE FOR RENT,Spacious 4 Bedroom Detached Duplex,"Lekki Palm City Estate, Ado Ajah Lagos"," ₦ 4,200,000/year "
416,4 BEDROOM HOUSE FOR RENT,Luxury 4 Bedroom Semi Detached Duplex + Bq,"Lekki County Homes, Ikota Lekki Lagos"," ₦ 5,500,000/year "
417,2 BEDROOM FLAT / APARTMENT FOR RENT,Serviced 2 Bedroom Apartment,Ikate Lekki Lagos," ₦ 3,000,000/year "
418,4 BEDROOM HOUSE FOR RENT,Luxury 4 Bedroom Semi Detached Duplex + Bq,Ikota Lekki Lagos," ₦ 5,000,000/year "
419,5 BEDROOM HOUSE FOR RENT,Luxury 5 Bedroom Semi Detached Duplex + Bq,Ikate Lekki Lagos," ₦ 10,000,000/year "
420,4 BEDROOM HOUSE FOR RENT,Luxury 4 Bedroom Semi Detached Duplex,"Chevron Toll Gate, Lekki Lagos"," ₦ 6,000,000/year "
421,4 BEDROOM HOUSE FOR RENT,Serviced 4 Bedroom Terraced Duplex,Ikota Lekki Lagos," ₦ 3,500,000/year "
422,1 BEDROOM FLAT / APARTMENT FOR RENT,Studio Apartment,"Villa Estate, Ikota Lekki Lagos"," ₦ 1,000,000/year "
423,4 BEDROOM HOUSE FOR RENT,Luxury 4 Bedroom Detached Duplex + Bq,"Chevron Toll Gate, Chevron Lekki Lagos"," ₦ 8,500,000/year "
424,2 BEDROOM HOUSE FOR RENT,Serviced 2 Bedroom Apartment,Ologolo Lekki Lagos," ₦ 3,000,000/year "
425,2 BEDROOM FLAT / APARTMENT FOR RENT,Newly Built 2 Bedroom Apartment,Itedo Lekki Phase 1 Lekki Lagos," ₦ 7,000,000/year "
426,4 BEDROOM HOUSE FOR RENT,4 Bedroom Terrace Duplex,Toll Gate Orchid Road Chevron Lekki Lagos," ₦ 3,800,000/year "
427,2 BEDROOM HOUSE FOR RENT,Luxury 2 Bedroom Terraced Duplex,"Chevron Toll Gate Orchid Road, Chevron Lekki Lagos"," ₦ 3,000,000/year "
428,4 BEDROOM HOUSE FOR RENT,Luxury 4 Bedroom Terraced Duplex,"Chevron Toll Gate Orchid Road, Chevron Lekki Lagos"," ₦ 4,000,000/year "
429,4 BEDROOM HOUSE FOR RENT,Furnished 4 Bedroom Semi Detached Duplex + Bq,Chevron Lekki Lagos," ₦ 7,000,000/year "
430,4 BEDROOM HOUSE FOR RENT,4 Bedroom Terrace Duplex,Chevron Lekki Lagos," ₦ 4,500,000/year "
431,4 BEDROOM HOUSE FOR RENT,Luxury 4 Bedroom Maisonette + Bq,"Phase 1, Lekki Lagos"," ₦ 10,000,000/year "
432,4 BEDROOM HOUSE FOR RENT,New 4 Bedroom Terrace Duplex,Ologolo Lekki Lagos," ₦ 7,500,000/year "
433,4 BEDROOM HOUSE FOR RENT,4 Bedroom Detached Duplex,Chevron Lekki Lagos," ₦ 5,500,000/year "
434,4 BEDROOM HOUSE FOR RENT,4 Bedroom Terrace Duplex,Ikate Lekki Lagos," ₦ 8,500,000/year "
435,3 BEDROOM HOUSE FOR RENT,Partly Furnished 3 Bedroom Apartment,Osborne Foreshore Estate Ikoyi Lagos," ₦ 12,000,000/year "
436,3 BEDROOM FLAT / APARTMENT FOR RENT,3 Bedroom Apartment,Banana Island Ikoyi Lagos," ₦ 16,000,000/year "
437,3 BEDROOM FLAT / APARTMENT FOR RENT,3 Bedroom Apartment,Oniru Victoria Island Lagos," ₦ 7,000,000/year "
438,5 BEDROOM HOUSE FOR RENT,Luxury 5 Bedroom Detached Duplex + Bq,"Chevron Toll Gate Orchid Road, Lekki Lagos"," ₦ 7,000,000/year "
439,5 BEDROOM HOUSE FOR RENT,5 Bedroom Detached Duplex,Chevron Lekki Lagos," ₦ 10,000,000/year "
440,4 BEDROOM HOUSE FOR RENT,4 Bedroom Terrace Duplex,Chevron Lekki Lagos," ₦ 3,800,000/year "
441,4 BEDROOM HOUSE FOR RENT,Luxury 4 Bedroom Terraced Duplex,"Chevron Toll Gate, Chevron Lekki Lagos"," ₦ 4,500,000/year "
442,5 BEDROOM HOUSE FOR RENT,Luxury 5 Bedroom Terraced Duplex,Victoria Island Lagos," ₦ 11,500,000/year "
443,3 BEDROOM HOUSE FOR RENT,Beautiful 3 Bedroom Apartment,Ikate Lekki Lagos," ₦ 4,000,000/year "
444,3 BEDROOM HOUSE FOR RENT,3 Bedroom Apartment,Ikoyi Lagos," ₦ 14,000,000/year "
445,4 BEDROOM HOUSE FOR RENT,4 Bedroom Semi Detached Duplex With Bq,Osapa London Lekki Lagos," ₦ 6,500,000/year "
446,4 BEDROOM HOUSE FOR RENT,Luxury 4 Bedroom Semi Detached Duplex + Bq,"Chevron Toll Gate, Lekki Lagos"," ₦ 5,000,000/year "
447,3 BEDROOM HOUSE FOR RENT,Serviced 3 Bedroom Apartment,Victoria Island Lagos," ₦ 15,000,000/year "
448,4 BEDROOM HOUSE FOR RENT,Serviced 4 Bedroom Terrace Duplex,Ikate Lekki Lagos," ₦ 7,500,000/year "
449,4 BEDROOM HOUSE FOR RENT,Beautiful 4 Bedroom Semi Detached Duplex,"Chevron Toll Gate, Lekki Lagos"," ₦ 6,000,000/year "
